academy_id,academy_code,community_id,product_type_id,year,quarter,capacity,venue_type,start_date,end_date,created_at,updated_at,is_active,data_source
180,IC5-180180180180,7,7,2023,3,24,School,2023-07-01,2023-08-26,2026-01-06 16:56:04.178209+00:00,2026-01-06 16:56:04.178209+00:00,True,dbldatagen_synthetic
181,VC5-181181181181,55,3,2024,4,25,Youth Club,2024-10-01,2024-11-26,2026-01-06 16:56:04.178209+00:00,2026-01-06 16:56:04.178209+00:00,True,dbldatagen_synthetic
182,OC3-182182182182,53,6,2024,3,12,Community Centre,2024-07-01,2024-09-09,2026-01-06 16:56:04.178209+00:00,2026-01-06 16:56:04.178209+00:00,True,dbldatagen_synthetic
183,IC4-183183183183,3,3,2025,2,13,College,2025-04-01,2025-05-27,2026-01-06 16:56:04.178209+00:00,2026-01-06 16:56:04.178209+00:00,True,dbldatagen_synthetic
184,UC9-184184184184,38,8,2023,1,14,Youth Club,2023-01-01,2023-01-29,2026-01-06 16:56:04.178209+00:00,2026-01-06 16:56:04.178209+00:00,True,dbldatagen_synthetic
185,HC3-185185185185,52,3,2023,1,15,Youth Club,2023-01-01,2023-02-26,2026-01-06 16:56:04.178209+00:00,2026-01-06 16:56:04.178209+00:00,True,dbldatagen_synthetic
186,SC1-186186186186,15,3,2024,3,16,Sports Hall,2024-07-01,2024-08-26,2026-01-06 16:56:04.178209+00:00,2026-01-06 16:56:04.178209+00:00,True,dbldatagen_synthetic
187,WC4-187187187187,21,6,2024,4,17,School,2024-10-01,2024-12-10,2026-01-06 16:56:04.178209+00:00,2026-01-06 16:56:04.178209+00:00,True,dbldatagen_synthetic
188,VC1-188188188188,46,6,2023,1,18,Youth Club,2023-01-01,2023-03-12,2026-01-06 16:56:04.178209+00:00,2026-01-06 16:56:04.178209+00:00,True,dbldatagen_synthetic
189,LC7-189189189189,43,4,2023,1,19,Sports Hall,2023-01-01,2023-03-12,2026-01-06 16:56:04.178209+00:00,2026-01-06 16:56:04.178209+00:00,True,dbldatagen_synthetic
190,ZC1-190190190190,42,8,2023,4,20,College,2023-10-01,2023-10-29,2026-01-06 16:56:04.178209+00:00,2026-01-06 16:56:04.178209+00:00,True,dbldatagen_synthetic
191,YC9-191191191191,29,5,2025,2,21,Sports Hall,2025-04-01,2025-06-24,2026-01-06 16:56:04.178209+00:00,2026-01-06 16:56:04.178209+00:00,True,dbldatagen_synthetic
192,RC3-192192192192,47,4,2024,3,22,Community Centre,2024-07-01,2024-09-09,2026-01-06 16:56:04.178209+00:00,2026-01-06 16:56:04.178209+00:00,True,dbldatagen_synthetic
193,KC5-193193193193,47,5,2023,2,23,Youth Club,2023-04-01,2023-06-24,2026-01-06 16:56:04.178209+00:00,2026-01-06 16:56:04.178209+00:00,True,dbldatagen_synthetic
194,MC3-194194194194,46,6,2024,2,24,Sports Hall,2024-04-01,2024-06-10,2026-01-06 16:56:04.178209+00:00,2026-01-06 16:56:04.178209+00:00,True,dbldatagen_synthetic
195,PC2-195195195195,37,7,2024,3,25,School,2024-07-01,2024-08-26,2026-01-06 16:56:04.178209+00:00,2026-01-06 16:56:04.178209+00:00,True,dbldatagen_synthetic
196,JC1-196196196196,30,3,2024,4,12,Youth Club,2024-10-01,2024-11-26,2026-01-06 16:56:04.178209+00:00,2026-01-06 16:56:04.178209+00:00,True,dbldatagen_synthetic
197,XC9-197197197197,55,4,2024,2,13,School,2024-04-01,2024-06-10,2026-01-06 16:56:04.178209+00:00,2026-01-06 16:56:04.178209+00:00,True,dbldatagen_synthetic
198,PC8-198198198198,5,5,2024,2,14,Sports Hall,2024-04-01,2024-06-24,2026-01-06 16:56:04.178209+00:00,2026-01-06 16:56:04.178209+00:00,True,dbldatagen_synthetic
199,GC1-199199199199,2,8,2024,4,15,Youth Club,2024-10-01,2024-10-29,2026-01-06 16:56:04.178209+00:00,2026-01-06 16:56:04.178209+00:00,True,dbldatagen_synthetic
200,LC7-200200200200,42,6,2024,2,16,Youth Club,2024-04-01,2024-06-10,2026-01-06 16:56:04.178209+00:00,2026-01-06 16:56:04.178209+00:00,True,dbldatagen_synthetic
201,HC8-201201201201,40,5,2024,2,17,Youth Club,2024-04-01,2024-06-24,2026-01-06 16:56:04.178209+00:00,2026-01-06 16:56:04.178209+00:00,True,dbldatagen_synthetic
202,MC8-202202202202,31,2,2024,2,18,School,2024-04-01,2024-05-13,2026-01-06 16:56:04.178209+00:00,2026-01-06 16:56:04.178209+00:00,True,dbldatagen_synthetic
203,YC2-203203203203,26,8,2024,1,19,Youth Club,2024-01-01,2024-01-29,2026-01-06 16:56:04.178209+00:00,2026-01-06 16:56:04.178209+00:00,True,dbldatagen_synthetic
204,BC1-204204204204,6,1,2024,3,20,School,2024-07-01,2024-09-23,2026-01-06 16:56:04.178209+00:00,2026-01-06 16:56:04.178209+00:00,True,dbldatagen_synthetic
205,ZC2-205205205205,7,7,2023,2,21,School,2023-04-01,2023-05-27,2026-01-06 16:56:04.178209+00:00,2026-01-06 16:56:04.178209+00:00,True,dbldatagen_synthetic
206,BC8-206206206206,30,3,2024,2,22,School,2024-04-01,2024-05-27,2026-01-06 16:56:04.178209+00:00,2026-01-06 16:56:04.178209+00:00,True,dbldatagen_synthetic
207,JC3-207207207207,54,5,2024,2,23,Youth Club,2024-04-01,2024-06-24,2026-01-06 16:56:04.178209+00:00,2026-01-06 16:56:04.178209+00:00,True,dbldatagen_synthetic
208,GC7-208208208208,54,5,2024,3,24,Community Centre,2024-07-01,2024-09-23,2026-01-06 16:56:04.178209+00:00,2026-01-06 16:56:04.178209+00:00,True,dbldatagen_synthetic
209,IC4-209209209209,45,3,2024,4,25,Sports Hall,2024-10-01,2024-11-26,2026-01-06 16:56:04.178209+00:00,2026-01-06 16:56:04.178209+00:00,True,dbldatagen_synthetic
210,TC1-210210210210,17,2,2023,1,12,Sports Hall,2023-01-01,2023-02-12,2026-01-06 16:56:04.178209+00:00,2026-01-06 16:56:04.178209+00:00,True,dbldatagen_synthetic
211,YC2-211211211211,23,5,2024,2,13,School,2024-04-01,2024-06-24,2026-01-06 16:56:04.178209+00:00,2026-01-06 16:56:04.178209+00:00,True,dbldatagen_synthetic
212,MC1-212212212212,39,4,2023,2,14,College,2023-04-01,2023-06-10,2026-01-06 16:56:04.178209+00:00,2026-01-06 16:56:04.178209+00:00,True,dbldatagen_synthetic
213,LC5-213213213213,25,7,2024,3,15,College,2024-07-01,2024-08-26,2026-01-06 16:56:04.178209+00:00,2026-01-06 16:56:04.178209+00:00,True,dbldatagen_synthetic
214,QC9-214214214214,15,5,2023,3,16,Youth Club,2023-07-01,2023-09-23,2026-01-06 16:56:04.178209+00:00,2026-01-06 16:56:04.178209+00:00,True,dbldatagen_synthetic
215,MC5-215215215215,1,2,2024,2,17,Youth Club,2024-04-01,2024-05-13,2026-01-06 16:56:04.178209+00:00,2026-01-06 16:56:04.178209+00:00,True,dbldatagen_synthetic
216,UC5-216216216216,13,7,2023,2,18,Youth Club,2023-04-01,2023-05-27,2026-01-06 16:56:04.178209+00:00,2026-01-06 16:56:04.178209+00:00,True,dbldatagen_synthetic
217,BC2-217217217217,40,7,2024,2,19,Community Centre,2024-04-01,2024-05-27,2026-01-06 16:56:04.178209+00:00,2026-01-06 16:56:04.178209+00:00,True,dbldatagen_synthetic
218,IC2-218218218218,50,5,2023,4,20,Sports Hall,2023-10-01,2023-12-24,2026-01-06 16:56:04.178209+00:00,2026-01-06 16:56:04.178209+00:00,True,dbldatagen_synthetic
219,FC4-219219219219,33,6,2024,2,21,School,2024-04-01,2024-06-10,2026-01-06 16:56:04.178209+00:00,2026-01-06 16:56:04.178209+00:00,True,dbldatagen_synthetic
220,EC7-220220220220,44,3,2024,4,22,Sports Hall,2024-10-01,2024-11-26,2026-01-06 16:56:04.178209+00:00,2026-01-06 16:56:04.178209+00:00,True,dbldatagen_synthetic
221,FC8-221221221221,16,5,2024,2,23,School,2024-04-01,2024-06-24,2026-01-06 16:56:04.178209+00:00,2026-01-06 16:56:04.178209+00:00,True,dbldatagen_synthetic
222,QC1-222222222222,38,5,2024,1,24,Youth Club,2024-01-01,2024-03-25,2026-01-06 16:56:04.178209+00:00,2026-01-06 16:56:04.178209+00:00,True,dbldatagen_synthetic
223,ZC8-223223223223,17,7,2023,2,25,College,2023-04-01,2023-05-27,2026-01-06 16:56:04.178209+00:00,2026-01-06 16:56:04.178209+00:00,True,dbldatagen_synthetic
224,EC7-224224224224,38,7,2024,2,12,Youth Club,2024-04-01,2024-05-27,2026-01-06 16:56:04.178209+00:00,2026-01-06 16:56:04.178209+00:00,True,dbldatagen_synthetic
225,WC5-225225225225,23,1,2024,2,13,College,2024-04-01,2024-06-24,2026-01-06 16:56:04.178209+00:00,2026-01-06 16:56:04.178209+00:00,True,dbldatagen_synthetic
226,VC3-226226226226,31,4,2024,3,14,Sports Hall,2024-07-01,2024-09-09,2026-01-06 16:56:04.178209+00:00,2026-01-06 16:56:04.178209+00:00,True,dbldatagen_synthetic
227,CC7-227227227227,46,5,2025,1,15,Sports Hall,2025-01-01,2025-03-26,2026-01-06 16:56:04.178209+00:00,2026-01-06 16:56:04.178209+00:00,True,dbldatagen_synthetic
228,BC1-228228228228,9,7,2024,1,16,Community Centre,2024-01-01,2024-02-26,2026-01-06 16:56:04.178209+00:00,2026-01-06 16:56:04.178209+00:00,True,dbldatagen_synthetic
229,HC3-229229229229,32,8,2024,3,17,Sports Hall,2024-07-01,2024-07-29,2026-01-06 16:56:04.178209+00:00,2026-01-06 16:56:04.178209+00:00,True,dbldatagen_synthetic
230,BC8-230230230230,34,4,2025,4,18,Youth Club,2025-10-01,2025-12-10,2026-01-06 16:56:04.178209+00:00,2026-01-06 16:56:04.178209+00:00,True,dbldatagen_synthetic
231,SC7-231231231231,3,3,2023,3,19,Sports Hall,2023-07-01,2023-08-26,2026-01-06 16:56:04.178209+00:00,2026-01-06 16:56:04.178209+00:00,True,dbldatagen_synthetic
232,MC3-232232232232,42,7,2023,1,20,Sports Hall,2023-01-01,2023-02-26,2026-01-06 16:56:04.178209+00:00,2026-01-06 16:56:04.178209+00:00,True,dbldatagen_synthetic
233,EC9-233233233233,13,5,2025,3,21,Youth Club,2025-07-01,2025-09-23,2026-01-06 16:56:04.178209+00:00,2026-01-06 16:56:04.178209+00:00,True,dbldatagen_synthetic
234,XC8-234234234234,1,3,2025,3,22,Youth Club,2025-07-01,2025-08-26,2026-01-06 16:56:04.178209+00:00,2026-01-06 16:56:04.178209+00:00,True,dbldatagen_synthetic
235,HC5-235235235235,14,1,2023,2,23,Youth Club,2023-04-01,2023-06-24,2026-01-06 16:56:04.178209+00:00,2026-01-06 16:56:04.178209+00:00,True,dbldatagen_synthetic
236,UC5-236236236236,20,7,2023,1,24,Sports Hall,2023-01-01,2023-02-26,2026-01-06 16:56:04.178209+00:00,2026-01-06 16:56:04.178209+00:00,True,dbldatagen_synthetic
237,OC8-237237237237,31,7,2024,3,25,School,2024-07-01,2024-08-26,2026-01-06 16:56:04.178209+00:00,2026-01-06 16:56:04.178209+00:00,True,dbldatagen_synthetic
238,EC6-238238238238,54,3,2025,4,12,Youth Club,2025-10-01,2025-11-26,2026-01-06 16:56:04.178209+00:00,2026-01-06 16:56:04.178209+00:00,True,dbldatagen_synthetic
239,JC3-239239239239,9,4,2025,3,13,Sports Hall,2025-07-01,2025-09-09,2026-01-06 16:56:04.178209+00:00,2026-01-06 16:56:04.178209+00:00,True,dbldatagen_synthetic
240,TC4-240240240240,36,3,2024,3,14,Sports Hall,2024-07-01,2024-08-26,2026-01-06 16:56:04.178209+00:00,2026-01-06 16:56:04.178209+00:00,True,dbldatagen_synthetic
241,CC7-241241241241,22,4,2023,2,15,School,2023-04-01,2023-06-10,2026-01-06 16:56:04.178209+00:00,2026-01-06 16:56:04.178209+00:00,True,dbldatagen_synthetic
242,HC5-242242242242,38,3,2025,2,16,Sports Hall,2025-04-01,2025-05-27,2026-01-06 16:56:04.178209+00:00,2026-01-06 16:56:04.178209+00:00,True,dbldatagen_synthetic
243,WC1-243243243243,44,6,2023,2,17,Youth Club,2023-04-01,2023-06-10,2026-01-06 16:56:04.178209+00:00,2026-01-06 16:56:04.178209+00:00,True,dbldatagen_synthetic
244,FC6-244244244244,17,2,2024,2,18,School,2024-04-01,2024-05-13,2026-01-06 16:56:04.178209+00:00,2026-01-06 16:56:04.178209+00:00,True,dbldatagen_synthetic
245,BC3-245245245245,36,5,2025,4,19,Sports Hall,2025-10-01,2025-12-24,2026-01-06 16:56:04.178209+00:00,2026-01-06 16:56:04.178209+00:00,True,dbldatagen_synthetic
246,VC7-246246246246,14,7,2024,4,20,Youth Club,2024-10-01,2024-11-26,2026-01-06 16:56:04.178209+00:00,2026-01-06 16:56:04.178209+00:00,True,dbldatagen_synthetic
247,VC6-247247247247,11,1,2025,2,21,School,2025-04-01,2025-06-24,2026-01-06 16:56:04.178209+00:00,2026-01-06 16:56:04.178209+00:00,True,dbldatagen_synthetic
248,RC5-248248248248,54,5,2024,1,22,Community Centre,2024-01-01,2024-03-25,2026-01-06 16:56:04.178209+00:00,2026-01-06 16:56:04.178209+00:00,True,dbldatagen_synthetic
249,AC4-249249249249,17,5,2024,3,23,Community Centre,2024-07-01,2024-09-23,2026-01-06 16:56:04.178209+00:00,2026-01-06 16:56:04.178209+00:00,True,dbldatagen_synthetic
250,IC8-250250250250,50,3,2024,3,24,College,2024-07-01,2024-08-26,2026-01-06 16:56:04.178209+00:00,2026-01-06 16:56:04.178209+00:00,True,dbldatagen_synthetic
251,EC7-251251251251,2,7,2025,2,25,Youth Club,2025-04-01,2025-05-27,2026-01-06 16:56:04.178209+00:00,2026-01-06 16:56:04.178209+00:00,True,dbldatagen_synthetic
252,WC4-252252252252,41,2,2025,1,12,School,2025-01-01,2025-02-12,2026-01-06 16:56:04.178209+00:00,2026-01-06 16:56:04.178209+00:00,True,dbldatagen_synthetic
253,AC6-253253253253,9,6,2023,3,13,Youth Club,2023-07-01,2023-09-09,2026-01-06 16:56:04.178209+00:00,2026-01-06 16:56:04.178209+00:00,True,dbldatagen_synthetic
254,DC7-254254254254,23,7,2023,3,14,Community Centre,2023-07-01,2023-08-26,2026-01-06 16:56:04.178209+00:00,2026-01-06 16:56:04.178209+00:00,True,dbldatagen_synthetic
255,MC6-255255255255,25,5,2023,3,15,School,2023-07-01,2023-09-23,2026-01-06 16:56:04.178209+00:00,2026-01-06 16:56:04.178209+00:00,True,dbldatagen_synthetic
256,HC5-256256256256,53,3,2023,4,16,School,2023-10-01,2023-11-26,2026-01-06 16:56:04.178209+00:00,2026-01-06 16:56:04.178209+00:00,True,dbldatagen_synthetic
257,OC5-257257257257,19,6,2024,1,17,Youth Club,2024-01-01,2024-03-11,2026-01-06 16:56:04.178209+00:00,2026-01-06 16:56:04.178209+00:00,True,dbldatagen_synthetic
258,TC3-258258258258,35,3,2024,3,18,Youth Club,2024-07-01,2024-08-26,2026-01-06 16:56:04.178209+00:00,2026-01-06 16:56:04.178209+00:00,True,dbldatagen_synthetic
259,GC2-259259259259,14,2,2024,3,19,Sports Hall,2024-07-01,2024-08-12,2026-01-06 16:56:04.178209+00:00,2026-01-06 16:56:04.178209+00:00,True,dbldatagen_synthetic
260,YC2-260260260260,2,5,2024,1,20,Sports Hall,2024-01-01,2024-03-25,2026-01-06 16:56:04.178209+00:00,2026-01-06 16:56:04.178209+00:00,True,dbldatagen_synthetic
261,QC3-261261261261,24,5,2023,2,21,Sports Hall,2023-04-01,2023-06-24,2026-01-06 16:56:04.178209+00:00,2026-01-06 16:56:04.178209+00:00,True,dbldatagen_synthetic
262,TC1-262262262262,52,6,2024,2,22,Youth Club,2024-04-01,2024-06-10,2026-01-06 16:56:04.178209+00:00,2026-01-06 16:56:04.178209+00:00,True,dbldatagen_synthetic
263,HC3-263263263263,14,7,2024,2,23,Youth Club,2024-04-01,2024-05-27,2026-01-06 16:56:04.178209+00:00,2026-01-06 16:56:04.178209+00:00,True,dbldatagen_synthetic
264,GC8-264264264264,8,5,2025,2,24,Community Centre,2025-04-01,2025-06-24,2026-01-06 16:56:04.178209+00:00,2026-01-06 16:56:04.178209+00:00,True,dbldatagen_synthetic
265,MC5-265265265265,2,5,2024,3,25,Community Centre,2024-07-01,2024-09-23,2026-01-06 16:56:04.178209+00:00,2026-01-06 16:56:04.178209+00:00,True,dbldatagen_synthetic
266,VC3-266266266266,2,5,2025,2,12,School,2025-04-01,2025-06-24,2026-01-06 16:56:04.178209+00:00,2026-01-06 16:56:04.178209+00:00,True,dbldatagen_synthetic
267,DC8-267267267267,19,2,2024,4,13,Community Centre,2024-10-01,2024-11-12,2026-01-06 16:56:04.178209+00:00,2026-01-06 16:56:04.178209+00:00,True,dbldatagen_synthetic
268,LC6-268268268268,17,3,2023,2,14,Youth Club,2023-04-01,2023-05-27,2026-01-06 16:56:04.178209+00:00,2026-01-06 16:56:04.178209+00:00,True,dbldatagen_synthetic
269,UC1-269269269269,48,1,2023,4,15,Youth Club,2023-10-01,2023-12-24,2026-01-06 16:56:04.178209+00:00,2026-01-06 16:56:04.178209+00:00,True,dbldatagen_synthetic
90,IC5-90909090,36,8,2023,2,18,Sports Hall,2023-04-01,2023-04-29,2026-01-06 16:56:04.178209+00:00,2026-01-06 16:56:04.178209+00:00,True,dbldatagen_synthetic
91,VC5-91919191,44,6,2023,2,19,College,2023-04-01,2023-06-10,2026-01-06 16:56:04.178209+00:00,2026-01-06 16:56:04.178209+00:00,True,dbldatagen_synthetic
92,OC3-92929292,37,5,2025,2,20,Community Centre,2025-04-01,2025-06-24,2026-01-06 16:56:04.178209+00:00,2026-01-06 16:56:04.178209+00:00,True,dbldatagen_synthetic
93,IC4-93939393,31,3,2023,4,21,Community Centre,2023-10-01,2023-11-26,2026-01-06 16:56:04.178209+00:00,2026-01-06 16:56:04.178209+00:00,True,dbldatagen_synthetic
94,UC9-94949494,3,2,2024,2,22,Youth Club,2024-04-01,2024-05-13,2026-01-06 16:56:04.178209+00:00,2026-01-06 16:56:04.178209+00:00,True,dbldatagen_synthetic
95,HC3-95959595,28,7,2023,1,23,Sports Hall,2023-01-01,2023-02-26,2026-01-06 16:56:04.178209+00:00,2026-01-06 16:56:04.178209+00:00,True,dbldatagen_synthetic
96,SC1-96969696,40,1,2024,3,24,Community Centre,2024-07-01,2024-09-23,2026-01-06 16:56:04.178209+00:00,2026-01-06 16:56:04.178209+00:00,True,dbldatagen_synthetic
97,WC4-97979797,10,4,2024,3,25,Youth Club,2024-07-01,2024-09-09,2026-01-06 16:56:04.178209+00:00,2026-01-06 16:56:04.178209+00:00,True,dbldatagen_synthetic
98,VC1-98989898,42,3,2025,3,12,Community Centre,2025-07-01,2025-08-26,2026-01-06 16:56:04.178209+00:00,2026-01-06 16:56:04.178209+00:00,True,dbldatagen_synthetic
99,LC7-99999999,42,6,2025,3,13,School,2025-07-01,2025-09-09,2026-01-06 16:56:04.178209+00:00,2026-01-06 16:56:04.178209+00:00,True,dbldatagen_synthetic
100,ZC1-100100100100,30,2,2023,2,14,Sports Hall,2023-04-01,2023-05-13,2026-01-06 16:56:04.178209+00:00,2026-01-06 16:56:04.178209+00:00,True,dbldatagen_synthetic
101,YC9-101101101101,54,7,2024,2,15,Sports Hall,2024-04-01,2024-05-27,2026-01-06 16:56:04.178209+00:00,2026-01-06 16:56:04.178209+00:00,True,dbldatagen_synthetic
102,RC3-102102102102,38,6,2025,2,16,Community Centre,2025-04-01,2025-06-10,2026-01-06 16:56:04.178209+00:00,2026-01-06 16:56:04.178209+00:00,True,dbldatagen_synthetic
103,KC5-103103103103,36,4,2025,4,17,Youth Club,2025-10-01,2025-12-10,2026-01-06 16:56:04.178209+00:00,2026-01-06 16:56:04.178209+00:00,True,dbldatagen_synthetic
104,MC3-104104104104,10,8,2023,3,18,School,2023-07-01,2023-07-29,2026-01-06 16:56:04.178209+00:00,2026-01-06 16:56:04.178209+00:00,True,dbldatagen_synthetic
105,PC2-105105105105,53,1,2025,3,19,Sports Hall,2025-07-01,2025-09-23,2026-01-06 16:56:04.178209+00:00,2026-01-06 16:56:04.178209+00:00,True,dbldatagen_synthetic
106,JC1-106106106106,4,2,2025,2,20,College,2025-04-01,2025-05-13,2026-01-06 16:56:04.178209+00:00,2026-01-06 16:56:04.178209+00:00,True,dbldatagen_synthetic
107,XC9-107107107107,22,7,2024,3,21,Sports Hall,2024-07-01,2024-08-26,2026-01-06 16:56:04.178209+00:00,2026-01-06 16:56:04.178209+00:00,True,dbldatagen_synthetic
108,PC8-108108108108,52,2,2024,2,22,School,2024-04-01,2024-05-13,2026-01-06 16:56:04.178209+00:00,2026-01-06 16:56:04.178209+00:00,True,dbldatagen_synthetic
109,GC1-109109109109,13,6,2024,3,23,Youth Club,2024-07-01,2024-09-09,2026-01-06 16:56:04.178209+00:00,2026-01-06 16:56:04.178209+00:00,True,dbldatagen_synthetic
110,LC7-110110110110,35,4,2024,4,24,School,2024-10-01,2024-12-10,2026-01-06 16:56:04.178209+00:00,2026-01-06 16:56:04.178209+00:00,True,dbldatagen_synthetic
111,HC8-111111111111,34,5,2024,4,25,Community Centre,2024-10-01,2024-12-24,2026-01-06 16:56:04.178209+00:00,2026-01-06 16:56:04.178209+00:00,True,dbldatagen_synthetic
112,MC8-112112112112,3,2,2025,2,12,Youth Club,2025-04-01,2025-05-13,2026-01-06 16:56:04.178209+00:00,2026-01-06 16:56:04.178209+00:00,True,dbldatagen_synthetic
113,YC2-113113113113,42,2,2023,1,13,Community Centre,2023-01-01,2023-02-12,2026-01-06 16:56:04.178209+00:00,2026-01-06 16:56:04.178209+00:00,True,dbldatagen_synthetic
114,BC1-114114114114,14,4,2023,2,14,Youth Club,2023-04-01,2023-06-10,2026-01-06 16:56:04.178209+00:00,2026-01-06 16:56:04.178209+00:00,True,dbldatagen_synthetic
115,ZC2-115115115115,54,5,2025,1,15,Youth Club,2025-01-01,2025-03-26,2026-01-06 16:56:04.178209+00:00,2026-01-06 16:56:04.178209+00:00,True,dbldatagen_synthetic
116,BC8-116116116116,1,8,2023,4,16,Youth Club,2023-10-01,2023-10-29,2026-01-06 16:56:04.178209+00:00,2026-01-06 16:56:04.178209+00:00,True,dbldatagen_synthetic
117,JC3-117117117117,40,4,2023,2,17,School,2023-04-01,2023-06-10,2026-01-06 16:56:04.178209+00:00,2026-01-06 16:56:04.178209+00:00,True,dbldatagen_synthetic
118,GC7-118118118118,52,4,2025,2,18,Youth Club,2025-04-01,2025-06-10,2026-01-06 16:56:04.178209+00:00,2026-01-06 16:56:04.178209+00:00,True,dbldatagen_synthetic
119,IC4-119119119119,4,2,2024,3,19,College,2024-07-01,2024-08-12,2026-01-06 16:56:04.178209+00:00,2026-01-06 16:56:04.178209+00:00,True,dbldatagen_synthetic
120,TC1-120120120120,38,1,2024,1,20,College,2024-01-01,2024-03-25,2026-01-06 16:56:04.178209+00:00,2026-01-06 16:56:04.178209+00:00,True,dbldatagen_synthetic
121,YC2-121121121121,16,6,2025,4,21,Youth Club,2025-10-01,2025-12-10,2026-01-06 16:56:04.178209+00:00,2026-01-06 16:56:04.178209+00:00,True,dbldatagen_synthetic
122,MC1-122122122122,47,2,2025,2,22,School,2025-04-01,2025-05-13,2026-01-06 16:56:04.178209+00:00,2026-01-06 16:56:04.178209+00:00,True,dbldatagen_synthetic
123,LC5-123123123123,42,5,2024,2,23,School,2024-04-01,2024-06-24,2026-01-06 16:56:04.178209+00:00,2026-01-06 16:56:04.178209+00:00,True,dbldatagen_synthetic
124,QC9-124124124124,30,7,2024,4,24,Youth Club,2024-10-01,2024-11-26,2026-01-06 16:56:04.178209+00:00,2026-01-06 16:56:04.178209+00:00,True,dbldatagen_synthetic
125,MC5-125125125125,49,5,2024,1,25,Community Centre,2024-01-01,2024-03-25,2026-01-06 16:56:04.178209+00:00,2026-01-06 16:56:04.178209+00:00,True,dbldatagen_synthetic
126,UC5-126126126126,10,5,2024,3,12,Youth Club,2024-07-01,2024-09-23,2026-01-06 16:56:04.178209+00:00,2026-01-06 16:56:04.178209+00:00,True,dbldatagen_synthetic
127,BC2-127127127127,38,4,2023,2,13,Community Centre,2023-04-01,2023-06-10,2026-01-06 16:56:04.178209+00:00,2026-01-06 16:56:04.178209+00:00,True,dbldatagen_synthetic
128,IC2-128128128128,45,2,2025,3,14,Community Centre,2025-07-01,2025-08-12,2026-01-06 16:56:04.178209+00:00,2026-01-06 16:56:04.178209+00:00,True,dbldatagen_synthetic
129,FC4-129129129129,37,8,2025,4,15,Youth Club,2025-10-01,2025-10-29,2026-01-06 16:56:04.178209+00:00,2026-01-06 16:56:04.178209+00:00,True,dbldatagen_synthetic
130,EC7-130130130130,3,6,2024,2,16,School,2024-04-01,2024-06-10,2026-01-06 16:56:04.178209+00:00,2026-01-06 16:56:04.178209+00:00,True,dbldatagen_synthetic
131,FC8-131131131131,53,2,2024,2,17,Youth Club,2024-04-01,2024-05-13,2026-01-06 16:56:04.178209+00:00,2026-01-06 16:56:04.178209+00:00,True,dbldatagen_synthetic
132,QC1-132132132132,20,4,2025,2,18,School,2025-04-01,2025-06-10,2026-01-06 16:56:04.178209+00:00,2026-01-06 16:56:04.178209+00:00,True,dbldatagen_synthetic
133,ZC8-133133133133,22,6,2025,1,19,College,2025-01-01,2025-03-12,2026-01-06 16:56:04.178209+00:00,2026-01-06 16:56:04.178209+00:00,True,dbldatagen_synthetic
134,EC7-134134134134,9,4,2024,3,20,Youth Club,2024-07-01,2024-09-09,2026-01-06 16:56:04.178209+00:00,2026-01-06 16:56:04.178209+00:00,True,dbldatagen_synthetic
135,WC5-135135135135,38,2,2024,2,21,Sports Hall,2024-04-01,2024-05-13,2026-01-06 16:56:04.178209+00:00,2026-01-06 16:56:04.178209+00:00,True,dbldatagen_synthetic
136,VC3-136136136136,47,3,2024,2,22,School,2024-04-01,2024-05-27,2026-01-06 16:56:04.178209+00:00,2026-01-06 16:56:04.178209+00:00,True,dbldatagen_synthetic
137,CC7-137137137137,44,5,2024,3,23,Community Centre,2024-07-01,2024-09-23,2026-01-06 16:56:04.178209+00:00,2026-01-06 16:56:04.178209+00:00,True,dbldatagen_synthetic
138,BC1-138138138138,15,5,2024,4,24,Sports Hall,2024-10-01,2024-12-24,2026-01-06 16:56:04.178209+00:00,2026-01-06 16:56:04.178209+00:00,True,dbldatagen_synthetic
139,HC3-139139139139,15,6,2024,2,25,Sports Hall,2024-04-01,2024-06-10,2026-01-06 16:56:04.178209+00:00,2026-01-06 16:56:04.178209+00:00,True,dbldatagen_synthetic
140,BC8-140140140140,30,1,2023,2,12,Community Centre,2023-04-01,2023-06-24,2026-01-06 16:56:04.178209+00:00,2026-01-06 16:56:04.178209+00:00,True,dbldatagen_synthetic
141,SC7-141141141141,39,6,2023,3,13,College,2023-07-01,2023-09-09,2026-01-06 16:56:04.178209+00:00,2026-01-06 16:56:04.178209+00:00,True,dbldatagen_synthetic
142,MC3-142142142142,5,3,2023,2,14,College,2023-04-01,2023-05-27,2026-01-06 16:56:04.178209+00:00,2026-01-06 16:56:04.178209+00:00,True,dbldatagen_synthetic
143,EC9-143143143143,20,3,2024,3,15,Community Centre,2024-07-01,2024-08-26,2026-01-06 16:56:04.178209+00:00,2026-01-06 16:56:04.178209+00:00,True,dbldatagen_synthetic
144,XC8-144144144144,45,7,2025,2,16,Youth Club,2025-04-01,2025-05-27,2026-01-06 16:56:04.178209+00:00,2026-01-06 16:56:04.178209+00:00,True,dbldatagen_synthetic
145,HC5-145145145145,28,4,2024,3,17,School,2024-07-01,2024-09-09,2026-01-06 16:56:04.178209+00:00,2026-01-06 16:56:04.178209+00:00,True,dbldatagen_synthetic
146,UC5-146146146146,47,2,2024,1,18,School,2024-01-01,2024-02-12,2026-01-06 16:56:04.178209+00:00,2026-01-06 16:56:04.178209+00:00,True,dbldatagen_synthetic
147,OC8-147147147147,15,3,2024,3,19,Sports Hall,2024-07-01,2024-08-26,2026-01-06 16:56:04.178209+00:00,2026-01-06 16:56:04.178209+00:00,True,dbldatagen_synthetic
148,EC6-148148148148,53,4,2025,3,20,Youth Club,2025-07-01,2025-09-09,2026-01-06 16:56:04.178209+00:00,2026-01-06 16:56:04.178209+00:00,True,dbldatagen_synthetic
149,JC3-149149149149,17,4,2023,2,21,Sports Hall,2023-04-01,2023-06-10,2026-01-06 16:56:04.178209+00:00,2026-01-06 16:56:04.178209+00:00,True,dbldatagen_synthetic
150,TC4-150150150150,31,6,2023,2,22,Youth Club,2023-04-01,2023-06-10,2026-01-06 16:56:04.178209+00:00,2026-01-06 16:56:04.178209+00:00,True,dbldatagen_synthetic
151,CC7-151151151151,33,5,2025,3,23,College,2025-07-01,2025-09-23,2026-01-06 16:56:04.178209+00:00,2026-01-06 16:56:04.178209+00:00,True,dbldatagen_synthetic
152,HC5-152152152152,47,8,2024,3,24,Sports Hall,2024-07-01,2024-07-29,2026-01-06 16:56:04.178209+00:00,2026-01-06 16:56:04.178209+00:00,True,dbldatagen_synthetic
153,WC1-153153153153,54,4,2024,4,25,Community Centre,2024-10-01,2024-12-10,2026-01-06 16:56:04.178209+00:00,2026-01-06 16:56:04.178209+00:00,True,dbldatagen_synthetic
154,FC6-154154154154,25,7,2024,3,12,Sports Hall,2024-07-01,2024-08-26,2026-01-06 16:56:04.178209+00:00,2026-01-06 16:56:04.178209+00:00,True,dbldatagen_synthetic
155,BC3-155155155155,35,5,2025,3,13,Community Centre,2025-07-01,2025-09-23,2026-01-06 16:56:04.178209+00:00,2026-01-06 16:56:04.178209+00:00,True,dbldatagen_synthetic
156,VC7-156156156156,48,2,2024,1,14,Youth Club,2024-01-01,2024-02-12,2026-01-06 16:56:04.178209+00:00,2026-01-06 16:56:04.178209+00:00,True,dbldatagen_synthetic
157,VC6-157157157157,43,5,2025,3,15,Sports Hall,2025-07-01,2025-09-23,2026-01-06 16:56:04.178209+00:00,2026-01-06 16:56:04.178209+00:00,True,dbldatagen_synthetic
158,RC5-158158158158,51,6,2024,3,16,Youth Club,2024-07-01,2024-09-09,2026-01-06 16:56:04.178209+00:00,2026-01-06 16:56:04.178209+00:00,True,dbldatagen_synthetic
159,AC4-159159159159,11,6,2024,2,17,School,2024-04-01,2024-06-10,2026-01-06 16:56:04.178209+00:00,2026-01-06 16:56:04.178209+00:00,True,dbldatagen_synthetic
160,IC8-160160160160,10,4,2025,2,18,Youth Club,2025-04-01,2025-06-10,2026-01-06 16:56:04.178209+00:00,2026-01-06 16:56:04.178209+00:00,True,dbldatagen_synthetic
161,EC7-161161161161,30,8,2024,2,19,Community Centre,2024-04-01,2024-04-29,2026-01-06 16:56:04.178209+00:00,2026-01-06 16:56:04.178209+00:00,True,dbldatagen_synthetic
162,WC4-162162162162,33,7,2025,2,20,Sports Hall,2025-04-01,2025-05-27,2026-01-06 16:56:04.178209+00:00,2026-01-06 16:56:04.178209+00:00,True,dbldatagen_synthetic
163,AC6-163163163163,5,3,2025,4,21,Community Centre,2025-10-01,2025-11-26,2026-01-06 16:56:04.178209+00:00,2026-01-06 16:56:04.178209+00:00,True,dbldatagen_synthetic
164,DC7-164164164164,11,3,2023,2,22,Sports Hall,2023-04-01,2023-05-27,2026-01-06 16:56:04.178209+00:00,2026-01-06 16:56:04.178209+00:00,True,dbldatagen_synthetic
165,MC6-165165165165,11,4,2024,2,23,Sports Hall,2024-04-01,2024-06-10,2026-01-06 16:56:04.178209+00:00,2026-01-06 16:56:04.178209+00:00,True,dbldatagen_synthetic
166,HC5-166166166166,46,7,2023,1,24,Community Centre,2023-01-01,2023-02-26,2026-01-06 16:56:04.178209+00:00,2026-01-06 16:56:04.178209+00:00,True,dbldatagen_synthetic
167,OC5-167167167167,17,4,2024,4,25,Sports Hall,2024-10-01,2024-12-10,2026-01-06 16:56:04.178209+00:00,2026-01-06 16:56:04.178209+00:00,True,dbldatagen_synthetic
168,TC3-168168168168,32,8,2024,4,12,School,2024-10-01,2024-10-29,2026-01-06 16:56:04.178209+00:00,2026-01-06 16:56:04.178209+00:00,True,dbldatagen_synthetic
169,GC2-169169169169,18,8,2024,1,13,Youth Club,2024-01-01,2024-01-29,2026-01-06 16:56:04.178209+00:00,2026-01-06 16:56:04.178209+00:00,True,dbldatagen_synthetic
170,YC2-170170170170,16,3,2024,3,14,Sports Hall,2024-07-01,2024-08-26,2026-01-06 16:56:04.178209+00:00,2026-01-06 16:56:04.178209+00:00,True,dbldatagen_synthetic
171,QC3-171171171171,8,1,2025,2,15,Youth Club,2025-04-01,2025-06-24,2026-01-06 16:56:04.178209+00:00,2026-01-06 16:56:04.178209+00:00,True,dbldatagen_synthetic
172,TC1-172172172172,34,3,2024,3,16,School,2024-07-01,2024-08-26,2026-01-06 16:56:04.178209+00:00,2026-01-06 16:56:04.178209+00:00,True,dbldatagen_synthetic
173,HC3-173173173173,49,1,2025,3,17,College,2025-07-01,2025-09-23,2026-01-06 16:56:04.178209+00:00,2026-01-06 16:56:04.178209+00:00,True,dbldatagen_synthetic
174,GC8-174174174174,52,2,2024,2,18,Youth Club,2024-04-01,2024-05-13,2026-01-06 16:56:04.178209+00:00,2026-01-06 16:56:04.178209+00:00,True,dbldatagen_synthetic
175,MC5-175175175175,18,2,2023,3,19,Youth Club,2023-07-01,2023-08-12,2026-01-06 16:56:04.178209+00:00,2026-01-06 16:56:04.178209+00:00,True,dbldatagen_synthetic
176,VC3-176176176176,31,5,2024,2,20,School,2024-04-01,2024-06-24,2026-01-06 16:56:04.178209+00:00,2026-01-06 16:56:04.178209+00:00,True,dbldatagen_synthetic
177,DC8-177177177177,28,2,2024,4,21,Sports Hall,2024-10-01,2024-11-12,2026-01-06 16:56:04.178209+00:00,2026-01-06 16:56:04.178209+00:00,True,dbldatagen_synthetic
178,LC6-178178178178,24,4,2025,3,22,School,2025-07-01,2025-09-09,2026-01-06 16:56:04.178209+00:00,2026-01-06 16:56:04.178209+00:00,True,dbldatagen_synthetic
179,UC1-179179179179,13,6,2024,4,23,Youth Club,2024-10-01,2024-12-10,2026-01-06 16:56:04.178209+00:00,2026-01-06 16:56:04.178209+00:00,True,dbldatagen_synthetic
0,IC5-0000,9,2,2023,2,12,Youth Club,2023-04-01,2023-05-13,2026-01-06 16:56:04.178209+00:00,2026-01-06 16:56:04.178209+00:00,True,dbldatagen_synthetic
1,VC5-1111,41,7,2024,1,13,Youth Club,2024-01-01,2024-02-26,2026-01-06 16:56:04.178209+00:00,2026-01-06 16:56:04.178209+00:00,True,dbldatagen_synthetic
2,OC3-2222,49,1,2023,3,14,Community Centre,2023-07-01,2023-09-23,2026-01-06 16:56:04.178209+00:00,2026-01-06 16:56:04.178209+00:00,True,dbldatagen_synthetic
3,IC4-3333,12,6,2025,4,15,Community Centre,2025-10-01,2025-12-10,2026-01-06 16:56:04.178209+00:00,2026-01-06 16:56:04.178209+00:00,True,dbldatagen_synthetic
4,UC9-4444,32,8,2024,4,16,Youth Club,2024-10-01,2024-10-29,2026-01-06 16:56:04.178209+00:00,2026-01-06 16:56:04.178209+00:00,True,dbldatagen_synthetic
5,HC3-5555,36,3,2025,3,17,School,2025-07-01,2025-08-26,2026-01-06 16:56:04.178209+00:00,2026-01-06 16:56:04.178209+00:00,True,dbldatagen_synthetic
6,SC1-6666,24,3,2024,2,18,School,2024-04-01,2024-05-27,2026-01-06 16:56:04.178209+00:00,2026-01-06 16:56:04.178209+00:00,True,dbldatagen_synthetic
7,WC4-7777,16,4,2023,1,19,Youth Club,2023-01-01,2023-03-12,2026-01-06 16:56:04.178209+00:00,2026-01-06 16:56:04.178209+00:00,True,dbldatagen_synthetic
8,VC1-8888,45,5,2024,3,20,School,2024-07-01,2024-09-23,2026-01-06 16:56:04.178209+00:00,2026-01-06 16:56:04.178209+00:00,True,dbldatagen_synthetic
9,LC7-9999,11,8,2024,2,21,School,2024-04-01,2024-04-29,2026-01-06 16:56:04.178209+00:00,2026-01-06 16:56:04.178209+00:00,True,dbldatagen_synthetic
10,ZC1-10101010,16,6,2025,4,22,Community Centre,2025-10-01,2025-12-10,2026-01-06 16:56:04.178209+00:00,2026-01-06 16:56:04.178209+00:00,True,dbldatagen_synthetic
11,YC9-11111111,14,5,2025,1,23,Community Centre,2025-01-01,2025-03-26,2026-01-06 16:56:04.178209+00:00,2026-01-06 16:56:04.178209+00:00,True,dbldatagen_synthetic
12,RC3-12121212,35,3,2024,4,24,Youth Club,2024-10-01,2024-11-26,2026-01-06 16:56:04.178209+00:00,2026-01-06 16:56:04.178209+00:00,True,dbldatagen_synthetic
13,KC5-13131313,45,6,2024,3,25,Sports Hall,2024-07-01,2024-09-09,2026-01-06 16:56:04.178209+00:00,2026-01-06 16:56:04.178209+00:00,True,dbldatagen_synthetic
14,MC3-14141414,6,8,2024,4,12,Sports Hall,2024-10-01,2024-10-29,2026-01-06 16:56:04.178209+00:00,2026-01-06 16:56:04.178209+00:00,True,dbldatagen_synthetic
15,PC2-15151515,17,6,2023,2,13,Community Centre,2023-04-01,2023-06-10,2026-01-06 16:56:04.178209+00:00,2026-01-06 16:56:04.178209+00:00,True,dbldatagen_synthetic
16,JC1-16161616,1,7,2025,3,14,Sports Hall,2025-07-01,2025-08-26,2026-01-06 16:56:04.178209+00:00,2026-01-06 16:56:04.178209+00:00,True,dbldatagen_synthetic
17,XC9-17171717,21,6,2025,3,15,Sports Hall,2025-07-01,2025-09-09,2026-01-06 16:56:04.178209+00:00,2026-01-06 16:56:04.178209+00:00,True,dbldatagen_synthetic
18,PC8-18181818,36,8,2023,3,16,College,2023-07-01,2023-07-29,2026-01-06 16:56:04.178209+00:00,2026-01-06 16:56:04.178209+00:00,True,dbldatagen_synthetic
19,GC1-19191919,44,7,2023,2,17,Youth Club,2023-04-01,2023-05-27,2026-01-06 16:56:04.178209+00:00,2026-01-06 16:56:04.178209+00:00,True,dbldatagen_synthetic
20,LC7-20202020,26,5,2025,3,18,Youth Club,2025-07-01,2025-09-23,2026-01-06 16:56:04.178209+00:00,2026-01-06 16:56:04.178209+00:00,True,dbldatagen_synthetic
21,HC8-21212121,36,7,2023,2,19,Sports Hall,2023-04-01,2023-05-27,2026-01-06 16:56:04.178209+00:00,2026-01-06 16:56:04.178209+00:00,True,dbldatagen_synthetic
22,MC8-22222222,34,4,2023,1,20,Youth Club,2023-01-01,2023-03-12,2026-01-06 16:56:04.178209+00:00,2026-01-06 16:56:04.178209+00:00,True,dbldatagen_synthetic
23,YC2-23232323,26,2,2024,2,21,Sports Hall,2024-04-01,2024-05-13,2026-01-06 16:56:04.178209+00:00,2026-01-06 16:56:04.178209+00:00,True,dbldatagen_synthetic
24,BC1-24242424,13,3,2025,1,22,Community Centre,2025-01-01,2025-02-26,2026-01-06 16:56:04.178209+00:00,2026-01-06 16:56:04.178209+00:00,True,dbldatagen_synthetic
25,ZC2-25252525,40,3,2025,3,23,Youth Club,2025-07-01,2025-08-26,2026-01-06 16:56:04.178209+00:00,2026-01-06 16:56:04.178209+00:00,True,dbldatagen_synthetic
26,BC8-26262626,24,5,2024,3,24,Community Centre,2024-07-01,2024-09-23,2026-01-06 16:56:04.178209+00:00,2026-01-06 16:56:04.178209+00:00,True,dbldatagen_synthetic
27,JC3-27272727,2,5,2024,2,25,College,2024-04-01,2024-06-24,2026-01-06 16:56:04.178209+00:00,2026-01-06 16:56:04.178209+00:00,True,dbldatagen_synthetic
28,GC7-28282828,35,4,2024,4,12,College,2024-10-01,2024-12-10,2026-01-06 16:56:04.178209+00:00,2026-01-06 16:56:04.178209+00:00,True,dbldatagen_synthetic
29,IC4-29292929,39,7,2024,2,13,Youth Club,2024-04-01,2024-05-27,2026-01-06 16:56:04.178209+00:00,2026-01-06 16:56:04.178209+00:00,True,dbldatagen_synthetic
30,TC1-30303030,53,5,2025,4,14,School,2025-10-01,2025-12-24,2026-01-06 16:56:04.178209+00:00,2026-01-06 16:56:04.178209+00:00,True,dbldatagen_synthetic
31,YC2-31313131,4,5,2023,3,15,Community Centre,2023-07-01,2023-09-23,2026-01-06 16:56:04.178209+00:00,2026-01-06 16:56:04.178209+00:00,True,dbldatagen_synthetic
32,MC1-32323232,17,6,2024,4,16,Youth Club,2024-10-01,2024-12-10,2026-01-06 16:56:04.178209+00:00,2026-01-06 16:56:04.178209+00:00,True,dbldatagen_synthetic
33,LC5-33333333,5,1,2025,4,17,Sports Hall,2025-10-01,2025-12-24,2026-01-06 16:56:04.178209+00:00,2026-01-06 16:56:04.178209+00:00,True,dbldatagen_synthetic
34,QC9-34343434,19,5,2024,2,18,College,2024-04-01,2024-06-24,2026-01-06 16:56:04.178209+00:00,2026-01-06 16:56:04.178209+00:00,True,dbldatagen_synthetic
35,MC5-35353535,16,3,2025,1,19,School,2025-01-01,2025-02-26,2026-01-06 16:56:04.178209+00:00,2026-01-06 16:56:04.178209+00:00,True,dbldatagen_synthetic
36,UC5-36363636,18,2,2024,2,20,School,2024-04-01,2024-05-13,2026-01-06 16:56:04.178209+00:00,2026-01-06 16:56:04.178209+00:00,True,dbldatagen_synthetic
37,BC2-37373737,31,7,2023,3,21,School,2023-07-01,2023-08-26,2026-01-06 16:56:04.178209+00:00,2026-01-06 16:56:04.178209+00:00,True,dbldatagen_synthetic
38,IC2-38383838,41,7,2024,2,22,Sports Hall,2024-04-01,2024-05-27,2026-01-06 16:56:04.178209+00:00,2026-01-06 16:56:04.178209+00:00,True,dbldatagen_synthetic
39,FC4-39393939,2,7,2025,2,23,Sports Hall,2025-04-01,2025-05-27,2026-01-06 16:56:04.178209+00:00,2026-01-06 16:56:04.178209+00:00,True,dbldatagen_synthetic
40,EC7-40404040,54,7,2025,3,24,College,2025-07-01,2025-08-26,2026-01-06 16:56:04.178209+00:00,2026-01-06 16:56:04.178209+00:00,True,dbldatagen_synthetic
41,FC8-41414141,47,1,2025,3,25,College,2025-07-01,2025-09-23,2026-01-06 16:56:04.178209+00:00,2026-01-06 16:56:04.178209+00:00,True,dbldatagen_synthetic
42,QC1-42424242,16,5,2024,2,12,Youth Club,2024-04-01,2024-06-24,2026-01-06 16:56:04.178209+00:00,2026-01-06 16:56:04.178209+00:00,True,dbldatagen_synthetic
43,ZC8-43434343,21,4,2024,1,13,Sports Hall,2024-01-01,2024-03-11,2026-01-06 16:56:04.178209+00:00,2026-01-06 16:56:04.178209+00:00,True,dbldatagen_synthetic
44,EC7-44444444,31,4,2024,3,14,Youth Club,2024-07-01,2024-09-09,2026-01-06 16:56:04.178209+00:00,2026-01-06 16:56:04.178209+00:00,True,dbldatagen_synthetic
45,WC5-45454545,31,6,2024,4,15,Sports Hall,2024-10-01,2024-12-10,2026-01-06 16:56:04.178209+00:00,2026-01-06 16:56:04.178209+00:00,True,dbldatagen_synthetic
46,VC3-46464646,40,7,2024,3,16,Sports Hall,2024-07-01,2024-08-26,2026-01-06 16:56:04.178209+00:00,2026-01-06 16:56:04.178209+00:00,True,dbldatagen_synthetic
47,CC7-47474747,35,4,2024,2,17,School,2024-04-01,2024-06-10,2026-01-06 16:56:04.178209+00:00,2026-01-06 16:56:04.178209+00:00,True,dbldatagen_synthetic
48,BC1-48484848,50,3,2025,2,18,College,2025-04-01,2025-05-27,2026-01-06 16:56:04.178209+00:00,2026-01-06 16:56:04.178209+00:00,True,dbldatagen_synthetic
49,HC3-49494949,24,6,2023,2,19,School,2023-04-01,2023-06-10,2026-01-06 16:56:04.178209+00:00,2026-01-06 16:56:04.178209+00:00,True,dbldatagen_synthetic
50,BC8-50505050,48,3,2023,2,20,Sports Hall,2023-04-01,2023-05-27,2026-01-06 16:56:04.178209+00:00,2026-01-06 16:56:04.178209+00:00,True,dbldatagen_synthetic
51,SC7-51515151,2,2,2023,2,21,College,2023-04-01,2023-05-13,2026-01-06 16:56:04.178209+00:00,2026-01-06 16:56:04.178209+00:00,True,dbldatagen_synthetic
52,MC3-52525252,28,7,2024,2,22,Community Centre,2024-04-01,2024-05-27,2026-01-06 16:56:04.178209+00:00,2026-01-06 16:56:04.178209+00:00,True,dbldatagen_synthetic
53,EC9-53535353,34,3,2024,2,23,Sports Hall,2024-04-01,2024-05-27,2026-01-06 16:56:04.178209+00:00,2026-01-06 16:56:04.178209+00:00,True,dbldatagen_synthetic
54,XC8-54545454,54,2,2024,3,24,Youth Club,2024-07-01,2024-08-12,2026-01-06 16:56:04.178209+00:00,2026-01-06 16:56:04.178209+00:00,True,dbldatagen_synthetic
55,HC5-55555555,39,5,2023,4,25,Community Centre,2023-10-01,2023-12-24,2026-01-06 16:56:04.178209+00:00,2026-01-06 16:56:04.178209+00:00,True,dbldatagen_synthetic
56,UC5-56565656,12,2,2023,2,12,School,2023-04-01,2023-05-13,2026-01-06 16:56:04.178209+00:00,2026-01-06 16:56:04.178209+00:00,True,dbldatagen_synthetic
57,OC8-57575757,45,6,2024,1,13,Sports Hall,2024-01-01,2024-03-11,2026-01-06 16:56:04.178209+00:00,2026-01-06 16:56:04.178209+00:00,True,dbldatagen_synthetic
58,EC6-58585858,2,6,2024,3,14,Youth Club,2024-07-01,2024-09-09,2026-01-06 16:56:04.178209+00:00,2026-01-06 16:56:04.178209+00:00,True,dbldatagen_synthetic
59,JC3-59595959,29,3,2024,2,15,Youth Club,2024-04-01,2024-05-27,2026-01-06 16:56:04.178209+00:00,2026-01-06 16:56:04.178209+00:00,True,dbldatagen_synthetic
60,TC4-60606060,27,2,2024,2,16,Sports Hall,2024-04-01,2024-05-13,2026-01-06 16:56:04.178209+00:00,2026-01-06 16:56:04.178209+00:00,True,dbldatagen_synthetic
61,CC7-61616161,42,5,2025,3,17,Sports Hall,2025-07-01,2025-09-23,2026-01-06 16:56:04.178209+00:00,2026-01-06 16:56:04.178209+00:00,True,dbldatagen_synthetic
62,HC5-62626262,52,7,2023,4,18,Sports Hall,2023-10-01,2023-11-26,2026-01-06 16:56:04.178209+00:00,2026-01-06 16:56:04.178209+00:00,True,dbldatagen_synthetic
63,WC1-63636363,47,1,2023,2,19,School,2023-04-01,2023-06-24,2026-01-06 16:56:04.178209+00:00,2026-01-06 16:56:04.178209+00:00,True,dbldatagen_synthetic
64,FC6-64646464,6,1,2025,2,20,College,2025-04-01,2025-06-24,2026-01-06 16:56:04.178209+00:00,2026-01-06 16:56:04.178209+00:00,True,dbldatagen_synthetic
65,BC3-65656565,54,3,2024,4,21,Sports Hall,2024-10-01,2024-11-26,2026-01-06 16:56:04.178209+00:00,2026-01-06 16:56:04.178209+00:00,True,dbldatagen_synthetic
66,VC7-66666666,5,7,2025,1,22,Youth Club,2025-01-01,2025-02-26,2026-01-06 16:56:04.178209+00:00,2026-01-06 16:56:04.178209+00:00,True,dbldatagen_synthetic
67,VC6-67676767,43,7,2024,2,23,School,2024-04-01,2024-05-27,2026-01-06 16:56:04.178209+00:00,2026-01-06 16:56:04.178209+00:00,True,dbldatagen_synthetic
68,RC5-68686868,22,5,2024,2,24,School,2024-04-01,2024-06-24,2026-01-06 16:56:04.178209+00:00,2026-01-06 16:56:04.178209+00:00,True,dbldatagen_synthetic
69,AC4-69696969,6,8,2023,4,25,Youth Club,2023-10-01,2023-10-29,2026-01-06 16:56:04.178209+00:00,2026-01-06 16:56:04.178209+00:00,True,dbldatagen_synthetic
70,IC8-70707070,6,6,2024,4,12,Sports Hall,2024-10-01,2024-12-10,2026-01-06 16:56:04.178209+00:00,2026-01-06 16:56:04.178209+00:00,True,dbldatagen_synthetic
71,EC7-71717171,11,2,2025,2,13,Youth Club,2025-04-01,2025-05-13,2026-01-06 16:56:04.178209+00:00,2026-01-06 16:56:04.178209+00:00,True,dbldatagen_synthetic
72,WC4-72727272,21,2,2025,3,14,College,2025-07-01,2025-08-12,2026-01-06 16:56:04.178209+00:00,2026-01-06 16:56:04.178209+00:00,True,dbldatagen_synthetic
73,AC6-73737373,26,5,2024,1,15,Youth Club,2024-01-01,2024-03-25,2026-01-06 16:56:04.178209+00:00,2026-01-06 16:56:04.178209+00:00,True,dbldatagen_synthetic
74,DC7-74747474,21,5,2024,3,16,Youth Club,2024-07-01,2024-09-23,2026-01-06 16:56:04.178209+00:00,2026-01-06 16:56:04.178209+00:00,True,dbldatagen_synthetic
75,MC6-75757575,28,3,2024,2,17,Sports Hall,2024-04-01,2024-05-27,2026-01-06 16:56:04.178209+00:00,2026-01-06 16:56:04.178209+00:00,True,dbldatagen_synthetic
76,HC5-76767676,23,7,2025,4,18,Youth Club,2025-10-01,2025-11-26,2026-01-06 16:56:04.178209+00:00,2026-01-06 16:56:04.178209+00:00,True,dbldatagen_synthetic
77,OC5-77777777,25,5,2024,2,19,Youth Club,2024-04-01,2024-06-24,2026-01-06 16:56:04.178209+00:00,2026-01-06 16:56:04.178209+00:00,True,dbldatagen_synthetic
78,TC3-78787878,26,8,2024,4,20,Sports Hall,2024-10-01,2024-10-29,2026-01-06 16:56:04.178209+00:00,2026-01-06 16:56:04.178209+00:00,True,dbldatagen_synthetic
79,GC2-79797979,30,2,2023,3,21,School,2023-07-01,2023-08-12,2026-01-06 16:56:04.178209+00:00,2026-01-06 16:56:04.178209+00:00,True,dbldatagen_synthetic
80,YC2-80808080,22,2,2023,2,22,Sports Hall,2023-04-01,2023-05-13,2026-01-06 16:56:04.178209+00:00,2026-01-06 16:56:04.178209+00:00,True,dbldatagen_synthetic
81,QC3-81818181,41,2,2024,3,23,School,2024-07-01,2024-08-12,2026-01-06 16:56:04.178209+00:00,2026-01-06 16:56:04.178209+00:00,True,dbldatagen_synthetic
82,TC1-82828282,31,8,2025,2,24,School,2025-04-01,2025-04-29,2026-01-06 16:56:04.178209+00:00,2026-01-06 16:56:04.178209+00:00,True,dbldatagen_synthetic
83,HC3-83838383,49,3,2025,4,25,College,2025-10-01,2025-11-26,2026-01-06 16:56:04.178209+00:00,2026-01-06 16:56:04.178209+00:00,True,dbldatagen_synthetic
84,GC8-84848484,36,3,2024,3,12,Sports Hall,2024-07-01,2024-08-26,2026-01-06 16:56:04.178209+00:00,2026-01-06 16:56:04.178209+00:00,True,dbldatagen_synthetic
85,MC5-85858585,52,3,2025,3,13,School,2025-07-01,2025-08-26,2026-01-06 16:56:04.178209+00:00,2026-01-06 16:56:04.178209+00:00,True,dbldatagen_synthetic
86,VC3-86868686,29,5,2023,2,14,Sports Hall,2023-04-01,2023-06-24,2026-01-06 16:56:04.178209+00:00,2026-01-06 16:56:04.178209+00:00,True,dbldatagen_synthetic
87,DC8-87878787,44,5,2023,1,15,Sports Hall,2023-01-01,2023-03-26,2026-01-06 16:56:04.178209+00:00,2026-01-06 16:56:04.178209+00:00,True,dbldatagen_synthetic
88,LC6-88888888,39,7,2024,2,16,Youth Club,2024-04-01,2024-05-27,2026-01-06 16:56:04.178209+00:00,2026-01-06 16:56:04.178209+00:00,True,dbldatagen_synthetic
89,UC1-89898989,33,6,2024,1,17,School,2024-01-01,2024-03-11,2026-01-06 16:56:04.178209+00:00,2026-01-06 16:56:04.178209+00:00,True,dbldatagen_synthetic
270,IC5-270270270270,38,7,2025,2,16,Youth Club,2025-04-01,2025-05-27,2026-01-06 16:56:04.178209+00:00,2026-01-06 16:56:04.178209+00:00,True,dbldatagen_synthetic
271,VC5-271271271271,21,7,2024,2,17,College,2024-04-01,2024-05-27,2026-01-06 16:56:04.178209+00:00,2026-01-06 16:56:04.178209+00:00,True,dbldatagen_synthetic
272,OC3-272272272272,41,3,2023,1,18,Youth Club,2023-01-01,2023-02-26,2026-01-06 16:56:04.178209+00:00,2026-01-06 16:56:04.178209+00:00,True,dbldatagen_synthetic
273,IC4-273273273273,36,5,2024,2,19,Youth Club,2024-04-01,2024-06-24,2026-01-06 16:56:04.178209+00:00,2026-01-06 16:56:04.178209+00:00,True,dbldatagen_synthetic
274,UC9-274274274274,26,7,2023,1,20,Youth Club,2023-01-01,2023-02-26,2026-01-06 16:56:04.178209+00:00,2026-01-06 16:56:04.178209+00:00,True,dbldatagen_synthetic
275,HC3-275275275275,41,3,2024,3,21,Sports Hall,2024-07-01,2024-08-26,2026-01-06 16:56:04.178209+00:00,2026-01-06 16:56:04.178209+00:00,True,dbldatagen_synthetic
276,SC1-276276276276,9,3,2024,3,22,Sports Hall,2024-07-01,2024-08-26,2026-01-06 16:56:04.178209+00:00,2026-01-06 16:56:04.178209+00:00,True,dbldatagen_synthetic
277,WC4-277277277277,5,5,2024,3,23,College,2024-07-01,2024-09-23,2026-01-06 16:56:04.178209+00:00,2026-01-06 16:56:04.178209+00:00,True,dbldatagen_synthetic
278,VC1-278278278278,52,8,2024,3,24,Sports Hall,2024-07-01,2024-07-29,2026-01-06 16:56:04.178209+00:00,2026-01-06 16:56:04.178209+00:00,True,dbldatagen_synthetic
279,LC7-279279279279,8,7,2024,1,25,Sports Hall,2024-01-01,2024-02-26,2026-01-06 16:56:04.178209+00:00,2026-01-06 16:56:04.178209+00:00,True,dbldatagen_synthetic
280,ZC1-280280280280,31,4,2025,3,12,Youth Club,2025-07-01,2025-09-09,2026-01-06 16:56:04.178209+00:00,2026-01-06 16:56:04.178209+00:00,True,dbldatagen_synthetic
281,YC9-281281281281,28,1,2023,3,13,Youth Club,2023-07-01,2023-09-23,2026-01-06 16:56:04.178209+00:00,2026-01-06 16:56:04.178209+00:00,True,dbldatagen_synthetic
282,RC3-282282282282,9,6,2024,2,14,Youth Club,2024-04-01,2024-06-10,2026-01-06 16:56:04.178209+00:00,2026-01-06 16:56:04.178209+00:00,True,dbldatagen_synthetic
283,KC5-283283283283,10,2,2023,2,15,School,2023-04-01,2023-05-13,2026-01-06 16:56:04.178209+00:00,2026-01-06 16:56:04.178209+00:00,True,dbldatagen_synthetic
284,MC3-284284284284,55,6,2024,4,16,School,2024-10-01,2024-12-10,2026-01-06 16:56:04.178209+00:00,2026-01-06 16:56:04.178209+00:00,True,dbldatagen_synthetic
285,PC2-285285285285,19,3,2024,2,17,Youth Club,2024-04-01,2024-05-27,2026-01-06 16:56:04.178209+00:00,2026-01-06 16:56:04.178209+00:00,True,dbldatagen_synthetic
286,JC1-286286286286,3,4,2024,3,18,Community Centre,2024-07-01,2024-09-09,2026-01-06 16:56:04.178209+00:00,2026-01-06 16:56:04.178209+00:00,True,dbldatagen_synthetic
287,XC9-287287287287,54,6,2024,2,19,Youth Club,2024-04-01,2024-06-10,2026-01-06 16:56:04.178209+00:00,2026-01-06 16:56:04.178209+00:00,True,dbldatagen_synthetic
288,PC8-288288288288,51,8,2023,4,20,Youth Club,2023-10-01,2023-10-29,2026-01-06 16:56:04.178209+00:00,2026-01-06 16:56:04.178209+00:00,True,dbldatagen_synthetic
289,GC1-289289289289,22,5,2023,3,21,Community Centre,2023-07-01,2023-09-23,2026-01-06 16:56:04.178209+00:00,2026-01-06 16:56:04.178209+00:00,True,dbldatagen_synthetic
290,LC7-290290290290,42,5,2023,4,22,Sports Hall,2023-10-01,2023-12-24,2026-01-06 16:56:04.178209+00:00,2026-01-06 16:56:04.178209+00:00,True,dbldatagen_synthetic
291,HC8-291291291291,40,5,2025,2,23,College,2025-04-01,2025-06-24,2026-01-06 16:56:04.178209+00:00,2026-01-06 16:56:04.178209+00:00,True,dbldatagen_synthetic
292,MC8-292292292292,26,2,2023,3,24,Youth Club,2023-07-01,2023-08-12,2026-01-06 16:56:04.178209+00:00,2026-01-06 16:56:04.178209+00:00,True,dbldatagen_synthetic
293,YC2-293293293293,54,6,2024,2,25,Sports Hall,2024-04-01,2024-06-10,2026-01-06 16:56:04.178209+00:00,2026-01-06 16:56:04.178209+00:00,True,dbldatagen_synthetic
294,BC1-294294294294,20,6,2024,3,12,Sports Hall,2024-07-01,2024-09-09,2026-01-06 16:56:04.178209+00:00,2026-01-06 16:56:04.178209+00:00,True,dbldatagen_synthetic
295,ZC2-295295295295,9,2,2024,1,13,School,2024-01-01,2024-02-12,2026-01-06 16:56:04.178209+00:00,2026-01-06 16:56:04.178209+00:00,True,dbldatagen_synthetic
296,BC8-296296296296,11,8,2025,4,14,Sports Hall,2025-10-01,2025-10-29,2026-01-06 16:56:04.178209+00:00,2026-01-06 16:56:04.178209+00:00,True,dbldatagen_synthetic
297,JC3-297297297297,38,3,2023,4,15,School,2023-10-01,2023-11-26,2026-01-06 16:56:04.178209+00:00,2026-01-06 16:56:04.178209+00:00,True,dbldatagen_synthetic
298,GC7-298298298298,35,2,2025,3,16,Community Centre,2025-07-01,2025-08-12,2026-01-06 16:56:04.178209+00:00,2026-01-06 16:56:04.178209+00:00,True,dbldatagen_synthetic
299,IC4-299299299299,21,7,2024,3,17,School,2024-07-01,2024-08-26,2026-01-06 16:56:04.178209+00:00,2026-01-06 16:56:04.178209+00:00,True,dbldatagen_synthetic
300,TC1-300300300300,24,5,2024,3,18,Sports Hall,2024-07-01,2024-09-23,2026-01-06 16:56:04.178209+00:00,2026-01-06 16:56:04.178209+00:00,True,dbldatagen_synthetic
301,YC2-301301301301,21,7,2024,1,19,School,2024-01-01,2024-02-26,2026-01-06 16:56:04.178209+00:00,2026-01-06 16:56:04.178209+00:00,True,dbldatagen_synthetic
302,MC1-302302302302,44,6,2024,3,20,Sports Hall,2024-07-01,2024-09-09,2026-01-06 16:56:04.178209+00:00,2026-01-06 16:56:04.178209+00:00,True,dbldatagen_synthetic
303,LC5-303303303303,5,5,2024,4,21,Youth Club,2024-10-01,2024-12-24,2026-01-06 16:56:04.178209+00:00,2026-01-06 16:56:04.178209+00:00,True,dbldatagen_synthetic
304,QC9-304304304304,52,7,2023,3,22,Youth Club,2023-07-01,2023-08-26,2026-01-06 16:56:04.178209+00:00,2026-01-06 16:56:04.178209+00:00,True,dbldatagen_synthetic
305,MC5-305305305305,7,2,2025,2,23,Youth Club,2025-04-01,2025-05-13,2026-01-06 16:56:04.178209+00:00,2026-01-06 16:56:04.178209+00:00,True,dbldatagen_synthetic
306,UC5-306306306306,55,7,2024,2,24,Youth Club,2024-04-01,2024-05-27,2026-01-06 16:56:04.178209+00:00,2026-01-06 16:56:04.178209+00:00,True,dbldatagen_synthetic
307,BC2-307307307307,35,3,2024,2,25,Youth Club,2024-04-01,2024-05-27,2026-01-06 16:56:04.178209+00:00,2026-01-06 16:56:04.178209+00:00,True,dbldatagen_synthetic
308,IC2-308308308308,30,2,2023,1,12,Sports Hall,2023-01-01,2023-02-12,2026-01-06 16:56:04.178209+00:00,2026-01-06 16:56:04.178209+00:00,True,dbldatagen_synthetic
309,FC4-309309309309,52,1,2024,3,13,Community Centre,2024-07-01,2024-09-23,2026-01-06 16:56:04.178209+00:00,2026-01-06 16:56:04.178209+00:00,True,dbldatagen_synthetic
310,EC7-310310310310,36,2,2024,4,14,College,2024-10-01,2024-11-12,2026-01-06 16:56:04.178209+00:00,2026-01-06 16:56:04.178209+00:00,True,dbldatagen_synthetic
311,FC8-311311311311,45,7,2023,1,15,School,2023-01-01,2023-02-26,2026-01-06 16:56:04.178209+00:00,2026-01-06 16:56:04.178209+00:00,True,dbldatagen_synthetic
312,QC1-312312312312,54,4,2025,4,16,Community Centre,2025-10-01,2025-12-10,2026-01-06 16:56:04.178209+00:00,2026-01-06 16:56:04.178209+00:00,True,dbldatagen_synthetic
313,ZC8-313313313313,25,1,2023,1,17,School,2023-01-01,2023-03-26,2026-01-06 16:56:04.178209+00:00,2026-01-06 16:56:04.178209+00:00,True,dbldatagen_synthetic
314,EC7-314314314314,34,6,2023,3,18,Youth Club,2023-07-01,2023-09-09,2026-01-06 16:56:04.178209+00:00,2026-01-06 16:56:04.178209+00:00,True,dbldatagen_synthetic
315,WC5-315315315315,1,2,2024,4,19,School,2024-10-01,2024-11-12,2026-01-06 16:56:04.178209+00:00,2026-01-06 16:56:04.178209+00:00,True,dbldatagen_synthetic
316,VC3-316316316316,47,6,2025,2,20,Youth Club,2025-04-01,2025-06-10,2026-01-06 16:56:04.178209+00:00,2026-01-06 16:56:04.178209+00:00,True,dbldatagen_synthetic
317,CC7-317317317317,36,4,2024,3,21,School,2024-07-01,2024-09-09,2026-01-06 16:56:04.178209+00:00,2026-01-06 16:56:04.178209+00:00,True,dbldatagen_synthetic
318,BC1-318318318318,4,4,2024,2,22,School,2024-04-01,2024-06-10,2026-01-06 16:56:04.178209+00:00,2026-01-06 16:56:04.178209+00:00,True,dbldatagen_synthetic
319,HC3-319319319319,13,2,2025,3,23,School,2025-07-01,2025-08-12,2026-01-06 16:56:04.178209+00:00,2026-01-06 16:56:04.178209+00:00,True,dbldatagen_synthetic
320,BC8-320320320320,48,7,2025,3,24,School,2025-07-01,2025-08-26,2026-01-06 16:56:04.178209+00:00,2026-01-06 16:56:04.178209+00:00,True,dbldatagen_synthetic
321,SC7-321321321321,33,6,2023,3,25,Community Centre,2023-07-01,2023-09-09,2026-01-06 16:56:04.178209+00:00,2026-01-06 16:56:04.178209+00:00,True,dbldatagen_synthetic
322,MC3-322322322322,17,5,2024,2,12,Youth Club,2024-04-01,2024-06-24,2026-01-06 16:56:04.178209+00:00,2026-01-06 16:56:04.178209+00:00,True,dbldatagen_synthetic
323,EC9-323323323323,27,1,2023,2,13,Community Centre,2023-04-01,2023-06-24,2026-01-06 16:56:04.178209+00:00,2026-01-06 16:56:04.178209+00:00,True,dbldatagen_synthetic
324,XC8-324324324324,3,4,2023,2,14,Youth Club,2023-04-01,2023-06-10,2026-01-06 16:56:04.178209+00:00,2026-01-06 16:56:04.178209+00:00,True,dbldatagen_synthetic
325,HC5-325325325325,19,7,2024,4,15,Community Centre,2024-10-01,2024-11-26,2026-01-06 16:56:04.178209+00:00,2026-01-06 16:56:04.178209+00:00,True,dbldatagen_synthetic
326,UC5-326326326326,21,2,2024,2,16,College,2024-04-01,2024-05-13,2026-01-06 16:56:04.178209+00:00,2026-01-06 16:56:04.178209+00:00,True,dbldatagen_synthetic
327,OC8-327327327327,29,3,2024,4,17,School,2024-10-01,2024-11-26,2026-01-06 16:56:04.178209+00:00,2026-01-06 16:56:04.178209+00:00,True,dbldatagen_synthetic
328,EC6-328328328328,10,2,2023,3,18,Community Centre,2023-07-01,2023-08-12,2026-01-06 16:56:04.178209+00:00,2026-01-06 16:56:04.178209+00:00,True,dbldatagen_synthetic
329,JC3-329329329329,12,2,2023,1,19,School,2023-01-01,2023-02-12,2026-01-06 16:56:04.178209+00:00,2026-01-06 16:56:04.178209+00:00,True,dbldatagen_synthetic
330,TC4-330330330330,11,3,2024,2,20,College,2024-04-01,2024-05-27,2026-01-06 16:56:04.178209+00:00,2026-01-06 16:56:04.178209+00:00,True,dbldatagen_synthetic
331,CC7-331331331331,48,8,2023,2,21,Youth Club,2023-04-01,2023-04-29,2026-01-06 16:56:04.178209+00:00,2026-01-06 16:56:04.178209+00:00,True,dbldatagen_synthetic
332,HC5-332332332332,53,4,2025,1,22,Youth Club,2025-01-01,2025-03-12,2026-01-06 16:56:04.178209+00:00,2026-01-06 16:56:04.178209+00:00,True,dbldatagen_synthetic
333,WC1-333333333333,53,4,2024,3,23,School,2024-07-01,2024-09-09,2026-01-06 16:56:04.178209+00:00,2026-01-06 16:56:04.178209+00:00,True,dbldatagen_synthetic
334,FC6-334334334334,31,4,2024,4,24,Sports Hall,2024-10-01,2024-12-10,2026-01-06 16:56:04.178209+00:00,2026-01-06 16:56:04.178209+00:00,True,dbldatagen_synthetic
335,BC3-335335335335,8,2,2025,3,25,College,2025-07-01,2025-08-12,2026-01-06 16:56:04.178209+00:00,2026-01-06 16:56:04.178209+00:00,True,dbldatagen_synthetic
336,VC7-336336336336,26,5,2024,1,12,Sports Hall,2024-01-01,2024-03-25,2026-01-06 16:56:04.178209+00:00,2026-01-06 16:56:04.178209+00:00,True,dbldatagen_synthetic
337,VC6-337337337337,49,1,2024,2,13,Youth Club,2024-04-01,2024-06-24,2026-01-06 16:56:04.178209+00:00,2026-01-06 16:56:04.178209+00:00,True,dbldatagen_synthetic
338,RC5-338338338338,9,6,2024,4,14,Community Centre,2024-10-01,2024-12-10,2026-01-06 16:56:04.178209+00:00,2026-01-06 16:56:04.178209+00:00,True,dbldatagen_synthetic
339,AC4-339339339339,30,5,2024,3,15,Sports Hall,2024-07-01,2024-09-23,2026-01-06 16:56:04.178209+00:00,2026-01-06 16:56:04.178209+00:00,True,dbldatagen_synthetic
340,IC8-340340340340,17,7,2024,2,16,College,2024-04-01,2024-05-27,2026-01-06 16:56:04.178209+00:00,2026-01-06 16:56:04.178209+00:00,True,dbldatagen_synthetic
341,EC7-341341341341,21,4,2023,3,17,School,2023-07-01,2023-09-09,2026-01-06 16:56:04.178209+00:00,2026-01-06 16:56:04.178209+00:00,True,dbldatagen_synthetic
342,WC4-342342342342,50,3,2023,3,18,Community Centre,2023-07-01,2023-08-26,2026-01-06 16:56:04.178209+00:00,2026-01-06 16:56:04.178209+00:00,True,dbldatagen_synthetic
343,AC6-343343343343,7,4,2025,3,19,Community Centre,2025-07-01,2025-09-09,2026-01-06 16:56:04.178209+00:00,2026-01-06 16:56:04.178209+00:00,True,dbldatagen_synthetic
344,DC7-344344344344,22,2,2024,3,20,Sports Hall,2024-07-01,2024-08-12,2026-01-06 16:56:04.178209+00:00,2026-01-06 16:56:04.178209+00:00,True,dbldatagen_synthetic
345,MC6-345345345345,42,2,2025,1,21,Youth Club,2025-01-01,2025-02-12,2026-01-06 16:56:04.178209+00:00,2026-01-06 16:56:04.178209+00:00,True,dbldatagen_synthetic
346,HC5-346346346346,45,3,2024,2,22,Youth Club,2024-04-01,2024-05-27,2026-01-06 16:56:04.178209+00:00,2026-01-06 16:56:04.178209+00:00,True,dbldatagen_synthetic
347,OC5-347347347347,22,5,2023,4,23,Community Centre,2023-10-01,2023-12-24,2026-01-06 16:56:04.178209+00:00,2026-01-06 16:56:04.178209+00:00,True,dbldatagen_synthetic
348,TC3-348348348348,54,3,2024,2,24,School,2024-04-01,2024-05-27,2026-01-06 16:56:04.178209+00:00,2026-01-06 16:56:04.178209+00:00,True,dbldatagen_synthetic
349,GC2-349349349349,6,3,2023,4,25,School,2023-10-01,2023-11-26,2026-01-06 16:56:04.178209+00:00,2026-01-06 16:56:04.178209+00:00,True,dbldatagen_synthetic
350,YC2-350350350350,23,3,2024,2,12,Community Centre,2024-04-01,2024-05-27,2026-01-06 16:56:04.178209+00:00,2026-01-06 16:56:04.178209+00:00,True,dbldatagen_synthetic
351,QC3-351351351351,50,4,2024,3,13,Sports Hall,2024-07-01,2024-09-09,2026-01-06 16:56:04.178209+00:00,2026-01-06 16:56:04.178209+00:00,True,dbldatagen_synthetic
352,TC1-352352352352,40,1,2025,4,14,College,2025-10-01,2025-12-24,2026-01-06 16:56:04.178209+00:00,2026-01-06 16:56:04.178209+00:00,True,dbldatagen_synthetic
353,HC3-353353353353,54,2,2023,1,15,College,2023-01-01,2023-02-12,2026-01-06 16:56:04.178209+00:00,2026-01-06 16:56:04.178209+00:00,True,dbldatagen_synthetic
354,GC8-354354354354,55,6,2023,2,16,College,2023-04-01,2023-06-10,2026-01-06 16:56:04.178209+00:00,2026-01-06 16:56:04.178209+00:00,True,dbldatagen_synthetic
355,MC5-355355355355,6,6,2024,1,17,School,2024-01-01,2024-03-11,2026-01-06 16:56:04.178209+00:00,2026-01-06 16:56:04.178209+00:00,True,dbldatagen_synthetic
356,VC3-356356356356,41,2,2024,4,18,College,2024-10-01,2024-11-12,2026-01-06 16:56:04.178209+00:00,2026-01-06 16:56:04.178209+00:00,True,dbldatagen_synthetic
357,DC8-357357357357,53,6,2025,3,19,College,2025-07-01,2025-09-09,2026-01-06 16:56:04.178209+00:00,2026-01-06 16:56:04.178209+00:00,True,dbldatagen_synthetic
358,LC6-358358358358,38,3,2023,2,20,Youth Club,2023-04-01,2023-05-27,2026-01-06 16:56:04.178209+00:00,2026-01-06 16:56:04.178209+00:00,True,dbldatagen_synthetic
359,UC1-359359359359,22,5,2025,1,21,School,2025-01-01,2025-03-26,2026-01-06 16:56:04.178209+00:00,2026-01-06 16:56:04.178209+00:00,True,dbldatagen_synthetic
