bridge_id,lesson_plan_id,skill_id,skill_importance,target_proficiency_level,learning_hours,created_at,updated_at,is_active,data_source
149,28,20,Secondary,2,0.500000000000000000,2026-01-06 17:05:52.072077+00:00,2026-01-06 17:05:52.072077+00:00,True,dbldatagen_synthetic
88,177,26,Primary,5,3.500000000000000000,2026-01-06 17:05:52.072077+00:00,2026-01-06 17:05:52.072077+00:00,True,dbldatagen_synthetic
14,66,8,Secondary,3,1.500000000000000000,2026-01-06 17:05:52.072077+00:00,2026-01-06 17:05:52.072077+00:00,True,dbldatagen_synthetic
85,169,11,Primary,2,0.500000000000000000,2026-01-06 17:05:52.072077+00:00,2026-01-06 17:05:52.072077+00:00,True,dbldatagen_synthetic
128,100,41,Secondary,5,3.500000000000000000,2026-01-06 17:05:52.072077+00:00,2026-01-06 17:05:52.072077+00:00,True,dbldatagen_synthetic
114,145,7,Tertiary,3,1.500000000000000000,2026-01-06 17:05:52.072077+00:00,2026-01-06 17:05:52.072077+00:00,True,dbldatagen_synthetic
21,7,3,Primary,2,0.500000000000000000,2026-01-06 17:05:52.072077+00:00,2026-01-06 17:05:52.072077+00:00,True,dbldatagen_synthetic
64,93,2,Primary,5,3.500000000000000000,2026-01-06 17:05:52.072077+00:00,2026-01-06 17:05:52.072077+00:00,True,dbldatagen_synthetic
96,107,12,Primary,5,3.500000000000000000,2026-01-06 17:05:52.072077+00:00,2026-01-06 17:05:52.072077+00:00,True,dbldatagen_synthetic
63,167,45,Primary,4,2.500000000000000000,2026-01-06 17:05:52.072077+00:00,2026-01-06 17:05:52.072077+00:00,True,dbldatagen_synthetic
42,175,45,Secondary,3,1.500000000000000000,2026-01-06 17:05:52.072077+00:00,2026-01-06 17:05:52.072077+00:00,True,dbldatagen_synthetic
100,88,30,Secondary,5,3.500000000000000000,2026-01-06 17:05:52.072077+00:00,2026-01-06 17:05:52.072077+00:00,True,dbldatagen_synthetic
61,130,34,Tertiary,2,0.500000000000000000,2026-01-06 17:05:52.072077+00:00,2026-01-06 17:05:52.072077+00:00,True,dbldatagen_synthetic
119,75,28,Secondary,4,2.500000000000000000,2026-01-06 17:05:52.072077+00:00,2026-01-06 17:05:52.072077+00:00,True,dbldatagen_synthetic
94,95,34,Secondary,3,1.500000000000000000,2026-01-06 17:05:52.072077+00:00,2026-01-06 17:05:52.072077+00:00,True,dbldatagen_synthetic
3,162,20,Primary,4,2.500000000000000000,2026-01-06 17:05:52.072077+00:00,2026-01-06 17:05:52.072077+00:00,True,dbldatagen_synthetic
38,121,17,Primary,3,1.500000000000000000,2026-01-06 17:05:52.072077+00:00,2026-01-06 17:05:52.072077+00:00,True,dbldatagen_synthetic
49,132,11,Tertiary,2,0.500000000000000000,2026-01-06 17:05:52.072077+00:00,2026-01-06 17:05:52.072077+00:00,True,dbldatagen_synthetic
29,65,14,Tertiary,2,0.500000000000000000,2026-01-06 17:05:52.072077+00:00,2026-01-06 17:05:52.072077+00:00,True,dbldatagen_synthetic
39,129,44,Primary,4,2.500000000000000000,2026-01-06 17:05:52.072077+00:00,2026-01-06 17:05:52.072077+00:00,True,dbldatagen_synthetic
127,29,41,Secondary,4,2.500000000000000000,2026-01-06 17:05:52.072077+00:00,2026-01-06 17:05:52.072077+00:00,True,dbldatagen_synthetic
15,76,6,Secondary,4,2.500000000000000000,2026-01-06 17:05:52.072077+00:00,2026-01-06 17:05:52.072077+00:00,True,dbldatagen_synthetic
47,11,31,Secondary,4,2.500000000000000000,2026-01-06 17:05:52.072077+00:00,2026-01-06 17:05:52.072077+00:00,True,dbldatagen_synthetic
97,25,26,Secondary,2,0.500000000000000000,2026-01-06 17:05:52.072077+00:00,2026-01-06 17:05:52.072077+00:00,True,dbldatagen_synthetic
26,166,9,Primary,3,1.500000000000000000,2026-01-06 17:05:52.072077+00:00,2026-01-06 17:05:52.072077+00:00,True,dbldatagen_synthetic
90,89,44,Secondary,3,1.500000000000000000,2026-01-06 17:05:52.072077+00:00,2026-01-06 17:05:52.072077+00:00,True,dbldatagen_synthetic
91,76,32,Primary,4,2.500000000000000000,2026-01-06 17:05:52.072077+00:00,2026-01-06 17:05:52.072077+00:00,True,dbldatagen_synthetic
67,172,20,Secondary,4,2.500000000000000000,2026-01-06 17:05:52.072077+00:00,2026-01-06 17:05:52.072077+00:00,True,dbldatagen_synthetic
55,179,39,Secondary,4,2.500000000000000000,2026-01-06 17:05:52.072077+00:00,2026-01-06 17:05:52.072077+00:00,True,dbldatagen_synthetic
131,54,42,Primary,4,2.500000000000000000,2026-01-06 17:05:52.072077+00:00,2026-01-06 17:05:52.072077+00:00,True,dbldatagen_synthetic
147,73,27,Primary,4,2.500000000000000000,2026-01-06 17:05:52.072077+00:00,2026-01-06 17:05:52.072077+00:00,True,dbldatagen_synthetic
74,162,5,Secondary,3,1.500000000000000000,2026-01-06 17:05:52.072077+00:00,2026-01-06 17:05:52.072077+00:00,True,dbldatagen_synthetic
93,148,7,Secondary,2,0.500000000000000000,2026-01-06 17:05:52.072077+00:00,2026-01-06 17:05:52.072077+00:00,True,dbldatagen_synthetic
68,41,41,Secondary,5,3.500000000000000000,2026-01-06 17:05:52.072077+00:00,2026-01-06 17:05:52.072077+00:00,True,dbldatagen_synthetic
99,127,32,Secondary,4,2.500000000000000000,2026-01-06 17:05:52.072077+00:00,2026-01-06 17:05:52.072077+00:00,True,dbldatagen_synthetic
44,26,13,Primary,5,3.500000000000000000,2026-01-06 17:05:52.072077+00:00,2026-01-06 17:05:52.072077+00:00,True,dbldatagen_synthetic
79,85,24,Secondary,4,2.500000000000000000,2026-01-06 17:05:52.072077+00:00,2026-01-06 17:05:52.072077+00:00,True,dbldatagen_synthetic
19,32,24,Tertiary,4,2.500000000000000000,2026-01-06 17:05:52.072077+00:00,2026-01-06 17:05:52.072077+00:00,True,dbldatagen_synthetic
150,36,42,Tertiary,3,1.500000000000000000,2026-01-06 17:05:52.072077+00:00,2026-01-06 17:05:52.072077+00:00,True,dbldatagen_synthetic
107,96,29,Primary,4,2.500000000000000000,2026-01-06 17:05:52.072077+00:00,2026-01-06 17:05:52.072077+00:00,True,dbldatagen_synthetic
137,103,28,Primary,2,0.500000000000000000,2026-01-06 17:05:52.072077+00:00,2026-01-06 17:05:52.072077+00:00,True,dbldatagen_synthetic
110,31,33,Tertiary,3,1.500000000000000000,2026-01-06 17:05:52.072077+00:00,2026-01-06 17:05:52.072077+00:00,True,dbldatagen_synthetic
102,75,13,Primary,3,1.500000000000000000,2026-01-06 17:05:52.072077+00:00,2026-01-06 17:05:52.072077+00:00,True,dbldatagen_synthetic
122,163,31,Tertiary,3,1.500000000000000000,2026-01-06 17:05:52.072077+00:00,2026-01-06 17:05:52.072077+00:00,True,dbldatagen_synthetic
132,36,4,Tertiary,5,3.500000000000000000,2026-01-06 17:05:52.072077+00:00,2026-01-06 17:05:52.072077+00:00,True,dbldatagen_synthetic
40,72,19,Secondary,5,3.500000000000000000,2026-01-06 17:05:52.072077+00:00,2026-01-06 17:05:52.072077+00:00,True,dbldatagen_synthetic
124,39,9,Primary,5,3.500000000000000000,2026-01-06 17:05:52.072077+00:00,2026-01-06 17:05:52.072077+00:00,True,dbldatagen_synthetic
148,65,2,Primary,5,3.500000000000000000,2026-01-06 17:05:52.072077+00:00,2026-01-06 17:05:52.072077+00:00,True,dbldatagen_synthetic
35,40,34,Secondary,4,2.500000000000000000,2026-01-06 17:05:52.072077+00:00,2026-01-06 17:05:52.072077+00:00,True,dbldatagen_synthetic
8,138,14,Tertiary,5,3.500000000000000000,2026-01-06 17:05:52.072077+00:00,2026-01-06 17:05:52.072077+00:00,True,dbldatagen_synthetic
73,159,9,Secondary,2,0.500000000000000000,2026-01-06 17:05:52.072077+00:00,2026-01-06 17:05:52.072077+00:00,True,dbldatagen_synthetic
36,37,4,Tertiary,5,3.500000000000000000,2026-01-06 17:05:52.072077+00:00,2026-01-06 17:05:52.072077+00:00,True,dbldatagen_synthetic
134,128,34,Primary,3,1.500000000000000000,2026-01-06 17:05:52.072077+00:00,2026-01-06 17:05:52.072077+00:00,True,dbldatagen_synthetic
81,137,9,Secondary,2,0.500000000000000000,2026-01-06 17:05:52.072077+00:00,2026-01-06 17:05:52.072077+00:00,True,dbldatagen_synthetic
77,183,6,Secondary,2,0.500000000000000000,2026-01-06 17:05:52.072077+00:00,2026-01-06 17:05:52.072077+00:00,True,dbldatagen_synthetic
5,191,22,Primary,2,0.500000000000000000,2026-01-06 17:05:52.072077+00:00,2026-01-06 17:05:52.072077+00:00,True,dbldatagen_synthetic
87,187,24,Secondary,4,2.500000000000000000,2026-01-06 17:05:52.072077+00:00,2026-01-06 17:05:52.072077+00:00,True,dbldatagen_synthetic
41,148,30,Secondary,2,0.500000000000000000,2026-01-06 17:05:52.072077+00:00,2026-01-06 17:05:52.072077+00:00,True,dbldatagen_synthetic
103,198,36,Primary,4,2.500000000000000000,2026-01-06 17:05:52.072077+00:00,2026-01-06 17:05:52.072077+00:00,True,dbldatagen_synthetic
142,13,14,Primary,3,1.500000000000000000,2026-01-06 17:05:52.072077+00:00,2026-01-06 17:05:52.072077+00:00,True,dbldatagen_synthetic
7,44,9,Tertiary,4,2.500000000000000000,2026-01-06 17:05:52.072077+00:00,2026-01-06 17:05:52.072077+00:00,True,dbldatagen_synthetic
37,135,16,Primary,2,0.500000000000000000,2026-01-06 17:05:52.072077+00:00,2026-01-06 17:05:52.072077+00:00,True,dbldatagen_synthetic
83,99,2,Secondary,4,2.500000000000000000,2026-01-06 17:05:52.072077+00:00,2026-01-06 17:05:52.072077+00:00,True,dbldatagen_synthetic
84,38,3,Primary,5,3.500000000000000000,2026-01-06 17:05:52.072077+00:00,2026-01-06 17:05:52.072077+00:00,True,dbldatagen_synthetic
139,176,41,Primary,4,2.500000000000000000,2026-01-06 17:05:52.072077+00:00,2026-01-06 17:05:52.072077+00:00,True,dbldatagen_synthetic
95,48,20,Primary,4,2.500000000000000000,2026-01-06 17:05:52.072077+00:00,2026-01-06 17:05:52.072077+00:00,True,dbldatagen_synthetic
112,9,28,Secondary,5,3.500000000000000000,2026-01-06 17:05:52.072077+00:00,2026-01-06 17:05:52.072077+00:00,True,dbldatagen_synthetic
136,78,27,Tertiary,5,3.500000000000000000,2026-01-06 17:05:52.072077+00:00,2026-01-06 17:05:52.072077+00:00,True,dbldatagen_synthetic
45,192,15,Primary,2,0.500000000000000000,2026-01-06 17:05:52.072077+00:00,2026-01-06 17:05:52.072077+00:00,True,dbldatagen_synthetic
48,147,1,Primary,5,3.500000000000000000,2026-01-06 17:05:52.072077+00:00,2026-01-06 17:05:52.072077+00:00,True,dbldatagen_synthetic
17,185,26,Primary,2,0.500000000000000000,2026-01-06 17:05:52.072077+00:00,2026-01-06 17:05:52.072077+00:00,True,dbldatagen_synthetic
59,58,31,Secondary,4,2.500000000000000000,2026-01-06 17:05:52.072077+00:00,2026-01-06 17:05:52.072077+00:00,True,dbldatagen_synthetic
71,114,11,Primary,4,2.500000000000000000,2026-01-06 17:05:52.072077+00:00,2026-01-06 17:05:52.072077+00:00,True,dbldatagen_synthetic
50,152,30,Secondary,3,1.500000000000000000,2026-01-06 17:05:52.072077+00:00,2026-01-06 17:05:52.072077+00:00,True,dbldatagen_synthetic
126,129,31,Secondary,3,1.500000000000000000,2026-01-06 17:05:52.072077+00:00,2026-01-06 17:05:52.072077+00:00,True,dbldatagen_synthetic
120,25,18,Tertiary,5,3.500000000000000000,2026-01-06 17:05:52.072077+00:00,2026-01-06 17:05:52.072077+00:00,True,dbldatagen_synthetic
113,15,10,Secondary,2,0.500000000000000000,2026-01-06 17:05:52.072077+00:00,2026-01-06 17:05:52.072077+00:00,True,dbldatagen_synthetic
108,57,6,Primary,5,3.500000000000000000,2026-01-06 17:05:52.072077+00:00,2026-01-06 17:05:52.072077+00:00,True,dbldatagen_synthetic
46,120,37,Secondary,3,1.500000000000000000,2026-01-06 17:05:52.072077+00:00,2026-01-06 17:05:52.072077+00:00,True,dbldatagen_synthetic
80,35,32,Primary,5,3.500000000000000000,2026-01-06 17:05:52.072077+00:00,2026-01-06 17:05:52.072077+00:00,True,dbldatagen_synthetic
121,187,40,Secondary,2,0.500000000000000000,2026-01-06 17:05:52.072077+00:00,2026-01-06 17:05:52.072077+00:00,True,dbldatagen_synthetic
56,186,26,Secondary,5,3.500000000000000000,2026-01-06 17:05:52.072077+00:00,2026-01-06 17:05:52.072077+00:00,True,dbldatagen_synthetic
111,177,31,Secondary,4,2.500000000000000000,2026-01-06 17:05:52.072077+00:00,2026-01-06 17:05:52.072077+00:00,True,dbldatagen_synthetic
123,7,41,Secondary,4,2.500000000000000000,2026-01-06 17:05:52.072077+00:00,2026-01-06 17:05:52.072077+00:00,True,dbldatagen_synthetic
104,15,29,Primary,5,3.500000000000000000,2026-01-06 17:05:52.072077+00:00,2026-01-06 17:05:52.072077+00:00,True,dbldatagen_synthetic
34,152,22,Primary,3,1.500000000000000000,2026-01-06 17:05:52.072077+00:00,2026-01-06 17:05:52.072077+00:00,True,dbldatagen_synthetic
106,6,38,Tertiary,3,1.500000000000000000,2026-01-06 17:05:52.072077+00:00,2026-01-06 17:05:52.072077+00:00,True,dbldatagen_synthetic
92,154,31,Primary,5,3.500000000000000000,2026-01-06 17:05:52.072077+00:00,2026-01-06 17:05:52.072077+00:00,True,dbldatagen_synthetic
20,159,21,Tertiary,5,3.500000000000000000,2026-01-06 17:05:52.072077+00:00,2026-01-06 17:05:52.072077+00:00,True,dbldatagen_synthetic
16,71,38,Tertiary,5,3.500000000000000000,2026-01-06 17:05:52.072077+00:00,2026-01-06 17:05:52.072077+00:00,True,dbldatagen_synthetic
72,193,28,Primary,5,3.500000000000000000,2026-01-06 17:05:52.072077+00:00,2026-01-06 17:05:52.072077+00:00,True,dbldatagen_synthetic
31,63,8,Secondary,4,2.500000000000000000,2026-01-06 17:05:52.072077+00:00,2026-01-06 17:05:52.072077+00:00,True,dbldatagen_synthetic
4,89,38,Primary,5,3.500000000000000000,2026-01-06 17:05:52.072077+00:00,2026-01-06 17:05:52.072077+00:00,True,dbldatagen_synthetic
101,147,19,Primary,2,0.500000000000000000,2026-01-06 17:05:52.072077+00:00,2026-01-06 17:05:52.072077+00:00,True,dbldatagen_synthetic
65,53,29,Primary,2,0.500000000000000000,2026-01-06 17:05:52.072077+00:00,2026-01-06 17:05:52.072077+00:00,True,dbldatagen_synthetic
70,33,24,Tertiary,3,1.500000000000000000,2026-01-06 17:05:52.072077+00:00,2026-01-06 17:05:52.072077+00:00,True,dbldatagen_synthetic
129,87,31,Primary,2,0.500000000000000000,2026-01-06 17:05:52.072077+00:00,2026-01-06 17:05:52.072077+00:00,True,dbldatagen_synthetic
51,177,8,Secondary,4,2.500000000000000000,2026-01-06 17:05:52.072077+00:00,2026-01-06 17:05:52.072077+00:00,True,dbldatagen_synthetic
60,94,27,Tertiary,5,3.500000000000000000,2026-01-06 17:05:52.072077+00:00,2026-01-06 17:05:52.072077+00:00,True,dbldatagen_synthetic
11,47,37,Primary,4,2.500000000000000000,2026-01-06 17:05:52.072077+00:00,2026-01-06 17:05:52.072077+00:00,True,dbldatagen_synthetic
62,44,3,Secondary,3,1.500000000000000000,2026-01-06 17:05:52.072077+00:00,2026-01-06 17:05:52.072077+00:00,True,dbldatagen_synthetic
118,3,32,Tertiary,3,1.500000000000000000,2026-01-06 17:05:52.072077+00:00,2026-01-06 17:05:52.072077+00:00,True,dbldatagen_synthetic
115,83,11,Tertiary,4,2.500000000000000000,2026-01-06 17:05:52.072077+00:00,2026-01-06 17:05:52.072077+00:00,True,dbldatagen_synthetic
58,17,4,Secondary,3,1.500000000000000000,2026-01-06 17:05:52.072077+00:00,2026-01-06 17:05:52.072077+00:00,True,dbldatagen_synthetic
66,11,11,Tertiary,3,1.500000000000000000,2026-01-06 17:05:52.072077+00:00,2026-01-06 17:05:52.072077+00:00,True,dbldatagen_synthetic
43,54,8,Tertiary,4,2.500000000000000000,2026-01-06 17:05:52.072077+00:00,2026-01-06 17:05:52.072077+00:00,True,dbldatagen_synthetic
54,60,32,Primary,3,1.500000000000000000,2026-01-06 17:05:52.072077+00:00,2026-01-06 17:05:52.072077+00:00,True,dbldatagen_synthetic
52,76,28,Primary,5,3.500000000000000000,2026-01-06 17:05:52.072077+00:00,2026-01-06 17:05:52.072077+00:00,True,dbldatagen_synthetic
98,52,30,Primary,3,1.500000000000000000,2026-01-06 17:05:52.072077+00:00,2026-01-06 17:05:52.072077+00:00,True,dbldatagen_synthetic
2,70,26,Primary,3,1.500000000000000000,2026-01-06 17:05:52.072077+00:00,2026-01-06 17:05:52.072077+00:00,True,dbldatagen_synthetic
23,186,10,Secondary,4,2.500000000000000000,2026-01-06 17:05:52.072077+00:00,2026-01-06 17:05:52.072077+00:00,True,dbldatagen_synthetic
141,65,30,Primary,2,0.500000000000000000,2026-01-06 17:05:52.072077+00:00,2026-01-06 17:05:52.072077+00:00,True,dbldatagen_synthetic
1,57,22,Secondary,2,0.500000000000000000,2026-01-06 17:05:52.072077+00:00,2026-01-06 17:05:52.072077+00:00,True,dbldatagen_synthetic
28,141,18,Secondary,5,3.500000000000000000,2026-01-06 17:05:52.072077+00:00,2026-01-06 17:05:52.072077+00:00,True,dbldatagen_synthetic
125,3,2,Secondary,2,0.500000000000000000,2026-01-06 17:05:52.072077+00:00,2026-01-06 17:05:52.072077+00:00,True,dbldatagen_synthetic
24,110,3,Primary,5,3.500000000000000000,2026-01-06 17:05:52.072077+00:00,2026-01-06 17:05:52.072077+00:00,True,dbldatagen_synthetic
117,160,1,Primary,2,0.500000000000000000,2026-01-06 17:05:52.072077+00:00,2026-01-06 17:05:52.072077+00:00,True,dbldatagen_synthetic
13,111,32,Primary,2,0.500000000000000000,2026-01-06 17:05:52.072077+00:00,2026-01-06 17:05:52.072077+00:00,True,dbldatagen_synthetic
69,56,18,Primary,2,0.500000000000000000,2026-01-06 17:05:52.072077+00:00,2026-01-06 17:05:52.072077+00:00,True,dbldatagen_synthetic
140,121,2,Secondary,5,3.500000000000000000,2026-01-06 17:05:52.072077+00:00,2026-01-06 17:05:52.072077+00:00,True,dbldatagen_synthetic
30,2,5,Secondary,3,1.500000000000000000,2026-01-06 17:05:52.072077+00:00,2026-01-06 17:05:52.072077+00:00,True,dbldatagen_synthetic
25,116,44,Primary,2,0.500000000000000000,2026-01-06 17:05:52.072077+00:00,2026-01-06 17:05:52.072077+00:00,True,dbldatagen_synthetic
12,129,23,Primary,5,3.500000000000000000,2026-01-06 17:05:52.072077+00:00,2026-01-06 17:05:52.072077+00:00,True,dbldatagen_synthetic
86,111,29,Tertiary,3,1.500000000000000000,2026-01-06 17:05:52.072077+00:00,2026-01-06 17:05:52.072077+00:00,True,dbldatagen_synthetic
57,80,42,Secondary,2,0.500000000000000000,2026-01-06 17:05:52.072077+00:00,2026-01-06 17:05:52.072077+00:00,True,dbldatagen_synthetic
78,110,7,Primary,3,1.500000000000000000,2026-01-06 17:05:52.072077+00:00,2026-01-06 17:05:52.072077+00:00,True,dbldatagen_synthetic
22,141,37,Tertiary,3,1.500000000000000000,2026-01-06 17:05:52.072077+00:00,2026-01-06 17:05:52.072077+00:00,True,dbldatagen_synthetic
89,67,16,Primary,2,0.500000000000000000,2026-01-06 17:05:52.072077+00:00,2026-01-06 17:05:52.072077+00:00,True,dbldatagen_synthetic
135,114,38,Secondary,4,2.500000000000000000,2026-01-06 17:05:52.072077+00:00,2026-01-06 17:05:52.072077+00:00,True,dbldatagen_synthetic
109,64,8,Primary,2,0.500000000000000000,2026-01-06 17:05:52.072077+00:00,2026-01-06 17:05:52.072077+00:00,True,dbldatagen_synthetic
82,121,11,Primary,3,1.500000000000000000,2026-01-06 17:05:52.072077+00:00,2026-01-06 17:05:52.072077+00:00,True,dbldatagen_synthetic
76,128,17,Secondary,5,3.500000000000000000,2026-01-06 17:05:52.072077+00:00,2026-01-06 17:05:52.072077+00:00,True,dbldatagen_synthetic
144,113,13,Primary,5,3.500000000000000000,2026-01-06 17:05:52.072077+00:00,2026-01-06 17:05:52.072077+00:00,True,dbldatagen_synthetic
143,151,44,Tertiary,4,2.500000000000000000,2026-01-06 17:05:52.072077+00:00,2026-01-06 17:05:52.072077+00:00,True,dbldatagen_synthetic
145,158,19,Primary,2,0.500000000000000000,2026-01-06 17:05:52.072077+00:00,2026-01-06 17:05:52.072077+00:00,True,dbldatagen_synthetic
105,192,25,Primary,2,0.500000000000000000,2026-01-06 17:05:52.072077+00:00,2026-01-06 17:05:52.072077+00:00,True,dbldatagen_synthetic
9,16,4,Secondary,2,0.500000000000000000,2026-01-06 17:05:52.072077+00:00,2026-01-06 17:05:52.072077+00:00,True,dbldatagen_synthetic
33,178,32,Secondary,2,0.500000000000000000,2026-01-06 17:05:52.072077+00:00,2026-01-06 17:05:52.072077+00:00,True,dbldatagen_synthetic
130,200,36,Primary,3,1.500000000000000000,2026-01-06 17:05:52.072077+00:00,2026-01-06 17:05:52.072077+00:00,True,dbldatagen_synthetic
133,53,34,Tertiary,2,0.500000000000000000,2026-01-06 17:05:52.072077+00:00,2026-01-06 17:05:52.072077+00:00,True,dbldatagen_synthetic
32,184,41,Primary,5,3.500000000000000000,2026-01-06 17:05:52.072077+00:00,2026-01-06 17:05:52.072077+00:00,True,dbldatagen_synthetic
75,7,16,Secondary,4,2.500000000000000000,2026-01-06 17:05:52.072077+00:00,2026-01-06 17:05:52.072077+00:00,True,dbldatagen_synthetic
27,84,31,Tertiary,4,2.500000000000000000,2026-01-06 17:05:52.072077+00:00,2026-01-06 17:05:52.072077+00:00,True,dbldatagen_synthetic
6,104,42,Secondary,3,1.500000000000000000,2026-01-06 17:05:52.072077+00:00,2026-01-06 17:05:52.072077+00:00,True,dbldatagen_synthetic
10,7,36,Primary,3,1.500000000000000000,2026-01-06 17:05:52.072077+00:00,2026-01-06 17:05:52.072077+00:00,True,dbldatagen_synthetic
116,199,32,Secondary,5,3.500000000000000000,2026-01-06 17:05:52.072077+00:00,2026-01-06 17:05:52.072077+00:00,True,dbldatagen_synthetic
53,133,20,Primary,2,0.500000000000000000,2026-01-06 17:05:52.072077+00:00,2026-01-06 17:05:52.072077+00:00,True,dbldatagen_synthetic
18,33,9,Primary,3,1.500000000000000000,2026-01-06 17:05:52.072077+00:00,2026-01-06 17:05:52.072077+00:00,True,dbldatagen_synthetic
138,117,32,Primary,3,1.500000000000000000,2026-01-06 17:05:52.072077+00:00,2026-01-06 17:05:52.072077+00:00,True,dbldatagen_synthetic
256,87,39,Primary,5,3.500000000000000000,2026-01-06 17:05:52.072077+00:00,2026-01-06 17:05:52.072077+00:00,True,dbldatagen_synthetic
258,88,5,Primary,3,1.500000000000000000,2026-01-06 17:05:52.072077+00:00,2026-01-06 17:05:52.072077+00:00,True,dbldatagen_synthetic
227,85,17,Primary,4,2.500000000000000000,2026-01-06 17:05:52.072077+00:00,2026-01-06 17:05:52.072077+00:00,True,dbldatagen_synthetic
247,41,23,Secondary,4,2.500000000000000000,2026-01-06 17:05:52.072077+00:00,2026-01-06 17:05:52.072077+00:00,True,dbldatagen_synthetic
208,75,36,Secondary,5,3.500000000000000000,2026-01-06 17:05:52.072077+00:00,2026-01-06 17:05:52.072077+00:00,True,dbldatagen_synthetic
199,166,35,Secondary,4,2.500000000000000000,2026-01-06 17:05:52.072077+00:00,2026-01-06 17:05:52.072077+00:00,True,dbldatagen_synthetic
271,176,45,Secondary,4,2.500000000000000000,2026-01-06 17:05:52.072077+00:00,2026-01-06 17:05:52.072077+00:00,True,dbldatagen_synthetic
211,200,17,Secondary,4,2.500000000000000000,2026-01-06 17:05:52.072077+00:00,2026-01-06 17:05:52.072077+00:00,True,dbldatagen_synthetic
297,21,20,Tertiary,2,0.500000000000000000,2026-01-06 17:05:52.072077+00:00,2026-01-06 17:05:52.072077+00:00,True,dbldatagen_synthetic
207,123,37,Secondary,4,2.500000000000000000,2026-01-06 17:05:52.072077+00:00,2026-01-06 17:05:52.072077+00:00,True,dbldatagen_synthetic
255,49,34,Primary,4,2.500000000000000000,2026-01-06 17:05:52.072077+00:00,2026-01-06 17:05:52.072077+00:00,True,dbldatagen_synthetic
292,149,10,Secondary,5,3.500000000000000000,2026-01-06 17:05:52.072077+00:00,2026-01-06 17:05:52.072077+00:00,True,dbldatagen_synthetic
203,183,32,Primary,4,2.500000000000000000,2026-01-06 17:05:52.072077+00:00,2026-01-06 17:05:52.072077+00:00,True,dbldatagen_synthetic
184,22,18,Secondary,5,3.500000000000000000,2026-01-06 17:05:52.072077+00:00,2026-01-06 17:05:52.072077+00:00,True,dbldatagen_synthetic
237,134,4,Secondary,2,0.500000000000000000,2026-01-06 17:05:52.072077+00:00,2026-01-06 17:05:52.072077+00:00,True,dbldatagen_synthetic
177,38,29,Secondary,2,0.500000000000000000,2026-01-06 17:05:52.072077+00:00,2026-01-06 17:05:52.072077+00:00,True,dbldatagen_synthetic
240,95,23,Primary,5,3.500000000000000000,2026-01-06 17:05:52.072077+00:00,2026-01-06 17:05:52.072077+00:00,True,dbldatagen_synthetic
284,49,29,Tertiary,5,3.500000000000000000,2026-01-06 17:05:52.072077+00:00,2026-01-06 17:05:52.072077+00:00,True,dbldatagen_synthetic
153,26,41,Secondary,2,0.500000000000000000,2026-01-06 17:05:52.072077+00:00,2026-01-06 17:05:52.072077+00:00,True,dbldatagen_synthetic
194,74,24,Primary,3,1.500000000000000000,2026-01-06 17:05:52.072077+00:00,2026-01-06 17:05:52.072077+00:00,True,dbldatagen_synthetic
188,122,17,Tertiary,5,3.500000000000000000,2026-01-06 17:05:52.072077+00:00,2026-01-06 17:05:52.072077+00:00,True,dbldatagen_synthetic
155,140,5,Tertiary,4,2.500000000000000000,2026-01-06 17:05:52.072077+00:00,2026-01-06 17:05:52.072077+00:00,True,dbldatagen_synthetic
204,68,34,Secondary,5,3.500000000000000000,2026-01-06 17:05:52.072077+00:00,2026-01-06 17:05:52.072077+00:00,True,dbldatagen_synthetic
289,164,40,Primary,2,0.500000000000000000,2026-01-06 17:05:52.072077+00:00,2026-01-06 17:05:52.072077+00:00,True,dbldatagen_synthetic
159,131,19,Primary,4,2.500000000000000000,2026-01-06 17:05:52.072077+00:00,2026-01-06 17:05:52.072077+00:00,True,dbldatagen_synthetic
235,193,18,Secondary,4,2.500000000000000000,2026-01-06 17:05:52.072077+00:00,2026-01-06 17:05:52.072077+00:00,True,dbldatagen_synthetic
160,77,44,Tertiary,5,3.500000000000000000,2026-01-06 17:05:52.072077+00:00,2026-01-06 17:05:52.072077+00:00,True,dbldatagen_synthetic
186,49,11,Tertiary,3,1.500000000000000000,2026-01-06 17:05:52.072077+00:00,2026-01-06 17:05:52.072077+00:00,True,dbldatagen_synthetic
257,40,24,Primary,2,0.500000000000000000,2026-01-06 17:05:52.072077+00:00,2026-01-06 17:05:52.072077+00:00,True,dbldatagen_synthetic
219,59,22,Secondary,4,2.500000000000000000,2026-01-06 17:05:52.072077+00:00,2026-01-06 17:05:52.072077+00:00,True,dbldatagen_synthetic
170,15,24,Primary,3,1.500000000000000000,2026-01-06 17:05:52.072077+00:00,2026-01-06 17:05:52.072077+00:00,True,dbldatagen_synthetic
299,116,26,Primary,4,2.500000000000000000,2026-01-06 17:05:52.072077+00:00,2026-01-06 17:05:52.072077+00:00,True,dbldatagen_synthetic
215,103,8,Tertiary,4,2.500000000000000000,2026-01-06 17:05:52.072077+00:00,2026-01-06 17:05:52.072077+00:00,True,dbldatagen_synthetic
157,158,1,Secondary,2,0.500000000000000000,2026-01-06 17:05:52.072077+00:00,2026-01-06 17:05:52.072077+00:00,True,dbldatagen_synthetic
232,117,35,Primary,5,3.500000000000000000,2026-01-06 17:05:52.072077+00:00,2026-01-06 17:05:52.072077+00:00,True,dbldatagen_synthetic
226,11,10,Primary,3,1.500000000000000000,2026-01-06 17:05:52.072077+00:00,2026-01-06 17:05:52.072077+00:00,True,dbldatagen_synthetic
262,135,33,Secondary,3,1.500000000000000000,2026-01-06 17:05:52.072077+00:00,2026-01-06 17:05:52.072077+00:00,True,dbldatagen_synthetic
178,45,36,Secondary,3,1.500000000000000000,2026-01-06 17:05:52.072077+00:00,2026-01-06 17:05:52.072077+00:00,True,dbldatagen_synthetic
201,133,4,Secondary,2,0.500000000000000000,2026-01-06 17:05:52.072077+00:00,2026-01-06 17:05:52.072077+00:00,True,dbldatagen_synthetic
286,191,38,Secondary,3,1.500000000000000000,2026-01-06 17:05:52.072077+00:00,2026-01-06 17:05:52.072077+00:00,True,dbldatagen_synthetic
251,6,43,Secondary,4,2.500000000000000000,2026-01-06 17:05:52.072077+00:00,2026-01-06 17:05:52.072077+00:00,True,dbldatagen_synthetic
260,130,25,Secondary,5,3.500000000000000000,2026-01-06 17:05:52.072077+00:00,2026-01-06 17:05:52.072077+00:00,True,dbldatagen_synthetic
192,86,40,Primary,5,3.500000000000000000,2026-01-06 17:05:52.072077+00:00,2026-01-06 17:05:52.072077+00:00,True,dbldatagen_synthetic
168,22,43,Primary,5,3.500000000000000000,2026-01-06 17:05:52.072077+00:00,2026-01-06 17:05:52.072077+00:00,True,dbldatagen_synthetic
171,111,5,Tertiary,4,2.500000000000000000,2026-01-06 17:05:52.072077+00:00,2026-01-06 17:05:52.072077+00:00,True,dbldatagen_synthetic
234,59,36,Secondary,3,1.500000000000000000,2026-01-06 17:05:52.072077+00:00,2026-01-06 17:05:52.072077+00:00,True,dbldatagen_synthetic
263,13,31,Secondary,4,2.500000000000000000,2026-01-06 17:05:52.072077+00:00,2026-01-06 17:05:52.072077+00:00,True,dbldatagen_synthetic
241,27,11,Secondary,2,0.500000000000000000,2026-01-06 17:05:52.072077+00:00,2026-01-06 17:05:52.072077+00:00,True,dbldatagen_synthetic
249,58,27,Tertiary,2,0.500000000000000000,2026-01-06 17:05:52.072077+00:00,2026-01-06 17:05:52.072077+00:00,True,dbldatagen_synthetic
293,31,34,Primary,2,0.500000000000000000,2026-01-06 17:05:52.072077+00:00,2026-01-06 17:05:52.072077+00:00,True,dbldatagen_synthetic
161,99,5,Secondary,2,0.500000000000000000,2026-01-06 17:05:52.072077+00:00,2026-01-06 17:05:52.072077+00:00,True,dbldatagen_synthetic
164,98,2,Primary,5,3.500000000000000000,2026-01-06 17:05:52.072077+00:00,2026-01-06 17:05:52.072077+00:00,True,dbldatagen_synthetic
300,27,38,Secondary,5,3.500000000000000000,2026-01-06 17:05:52.072077+00:00,2026-01-06 17:05:52.072077+00:00,True,dbldatagen_synthetic
279,169,13,Primary,4,2.500000000000000000,2026-01-06 17:05:52.072077+00:00,2026-01-06 17:05:52.072077+00:00,True,dbldatagen_synthetic
198,108,18,Primary,3,1.500000000000000000,2026-01-06 17:05:52.072077+00:00,2026-01-06 17:05:52.072077+00:00,True,dbldatagen_synthetic
182,165,11,Secondary,3,1.500000000000000000,2026-01-06 17:05:52.072077+00:00,2026-01-06 17:05:52.072077+00:00,True,dbldatagen_synthetic
213,118,24,Secondary,2,0.500000000000000000,2026-01-06 17:05:52.072077+00:00,2026-01-06 17:05:52.072077+00:00,True,dbldatagen_synthetic
216,70,41,Primary,5,3.500000000000000000,2026-01-06 17:05:52.072077+00:00,2026-01-06 17:05:52.072077+00:00,True,dbldatagen_synthetic
238,27,27,Primary,3,1.500000000000000000,2026-01-06 17:05:52.072077+00:00,2026-01-06 17:05:52.072077+00:00,True,dbldatagen_synthetic
266,90,16,Tertiary,3,1.500000000000000000,2026-01-06 17:05:52.072077+00:00,2026-01-06 17:05:52.072077+00:00,True,dbldatagen_synthetic
223,166,39,Secondary,4,2.500000000000000000,2026-01-06 17:05:52.072077+00:00,2026-01-06 17:05:52.072077+00:00,True,dbldatagen_synthetic
162,103,43,Tertiary,3,1.500000000000000000,2026-01-06 17:05:52.072077+00:00,2026-01-06 17:05:52.072077+00:00,True,dbldatagen_synthetic
221,45,21,Secondary,2,0.500000000000000000,2026-01-06 17:05:52.072077+00:00,2026-01-06 17:05:52.072077+00:00,True,dbldatagen_synthetic
214,199,1,Primary,3,1.500000000000000000,2026-01-06 17:05:52.072077+00:00,2026-01-06 17:05:52.072077+00:00,True,dbldatagen_synthetic
285,105,32,Secondary,2,0.500000000000000000,2026-01-06 17:05:52.072077+00:00,2026-01-06 17:05:52.072077+00:00,True,dbldatagen_synthetic
222,58,39,Primary,3,1.500000000000000000,2026-01-06 17:05:52.072077+00:00,2026-01-06 17:05:52.072077+00:00,True,dbldatagen_synthetic
288,194,17,Secondary,5,3.500000000000000000,2026-01-06 17:05:52.072077+00:00,2026-01-06 17:05:52.072077+00:00,True,dbldatagen_synthetic
268,175,25,Secondary,5,3.500000000000000000,2026-01-06 17:05:52.072077+00:00,2026-01-06 17:05:52.072077+00:00,True,dbldatagen_synthetic
167,102,43,Secondary,4,2.500000000000000000,2026-01-06 17:05:52.072077+00:00,2026-01-06 17:05:52.072077+00:00,True,dbldatagen_synthetic
187,79,16,Primary,4,2.500000000000000000,2026-01-06 17:05:52.072077+00:00,2026-01-06 17:05:52.072077+00:00,True,dbldatagen_synthetic
265,65,13,Secondary,2,0.500000000000000000,2026-01-06 17:05:52.072077+00:00,2026-01-06 17:05:52.072077+00:00,True,dbldatagen_synthetic
174,146,32,Secondary,3,1.500000000000000000,2026-01-06 17:05:52.072077+00:00,2026-01-06 17:05:52.072077+00:00,True,dbldatagen_synthetic
156,80,31,Secondary,5,3.500000000000000000,2026-01-06 17:05:52.072077+00:00,2026-01-06 17:05:52.072077+00:00,True,dbldatagen_synthetic
278,62,23,Tertiary,3,1.500000000000000000,2026-01-06 17:05:52.072077+00:00,2026-01-06 17:05:52.072077+00:00,True,dbldatagen_synthetic
158,92,5,Secondary,3,1.500000000000000000,2026-01-06 17:05:52.072077+00:00,2026-01-06 17:05:52.072077+00:00,True,dbldatagen_synthetic
175,137,19,Primary,4,2.500000000000000000,2026-01-06 17:05:52.072077+00:00,2026-01-06 17:05:52.072077+00:00,True,dbldatagen_synthetic
236,175,18,Secondary,5,3.500000000000000000,2026-01-06 17:05:52.072077+00:00,2026-01-06 17:05:52.072077+00:00,True,dbldatagen_synthetic
298,46,13,Tertiary,3,1.500000000000000000,2026-01-06 17:05:52.072077+00:00,2026-01-06 17:05:52.072077+00:00,True,dbldatagen_synthetic
248,151,41,Primary,5,3.500000000000000000,2026-01-06 17:05:52.072077+00:00,2026-01-06 17:05:52.072077+00:00,True,dbldatagen_synthetic
166,28,34,Secondary,3,1.500000000000000000,2026-01-06 17:05:52.072077+00:00,2026-01-06 17:05:52.072077+00:00,True,dbldatagen_synthetic
217,165,31,Tertiary,2,0.500000000000000000,2026-01-06 17:05:52.072077+00:00,2026-01-06 17:05:52.072077+00:00,True,dbldatagen_synthetic
172,128,28,Primary,5,3.500000000000000000,2026-01-06 17:05:52.072077+00:00,2026-01-06 17:05:52.072077+00:00,True,dbldatagen_synthetic
183,99,21,Primary,4,2.500000000000000000,2026-01-06 17:05:52.072077+00:00,2026-01-06 17:05:52.072077+00:00,True,dbldatagen_synthetic
163,102,10,Primary,4,2.500000000000000000,2026-01-06 17:05:52.072077+00:00,2026-01-06 17:05:52.072077+00:00,True,dbldatagen_synthetic
277,158,18,Primary,2,0.500000000000000000,2026-01-06 17:05:52.072077+00:00,2026-01-06 17:05:52.072077+00:00,True,dbldatagen_synthetic
261,96,18,Primary,2,0.500000000000000000,2026-01-06 17:05:52.072077+00:00,2026-01-06 17:05:52.072077+00:00,True,dbldatagen_synthetic
253,195,6,Secondary,2,0.500000000000000000,2026-01-06 17:05:52.072077+00:00,2026-01-06 17:05:52.072077+00:00,True,dbldatagen_synthetic
180,112,29,Primary,5,3.500000000000000000,2026-01-06 17:05:52.072077+00:00,2026-01-06 17:05:52.072077+00:00,True,dbldatagen_synthetic
206,105,5,Secondary,3,1.500000000000000000,2026-01-06 17:05:52.072077+00:00,2026-01-06 17:05:52.072077+00:00,True,dbldatagen_synthetic
275,184,36,Secondary,4,2.500000000000000000,2026-01-06 17:05:52.072077+00:00,2026-01-06 17:05:52.072077+00:00,True,dbldatagen_synthetic
176,134,39,Tertiary,5,3.500000000000000000,2026-01-06 17:05:52.072077+00:00,2026-01-06 17:05:52.072077+00:00,True,dbldatagen_synthetic
151,197,37,Primary,4,2.500000000000000000,2026-01-06 17:05:52.072077+00:00,2026-01-06 17:05:52.072077+00:00,True,dbldatagen_synthetic
225,93,24,Primary,2,0.500000000000000000,2026-01-06 17:05:52.072077+00:00,2026-01-06 17:05:52.072077+00:00,True,dbldatagen_synthetic
190,111,12,Secondary,3,1.500000000000000000,2026-01-06 17:05:52.072077+00:00,2026-01-06 17:05:52.072077+00:00,True,dbldatagen_synthetic
191,113,27,Secondary,4,2.500000000000000000,2026-01-06 17:05:52.072077+00:00,2026-01-06 17:05:52.072077+00:00,True,dbldatagen_synthetic
209,184,34,Primary,2,0.500000000000000000,2026-01-06 17:05:52.072077+00:00,2026-01-06 17:05:52.072077+00:00,True,dbldatagen_synthetic
200,39,32,Primary,5,3.500000000000000000,2026-01-06 17:05:52.072077+00:00,2026-01-06 17:05:52.072077+00:00,True,dbldatagen_synthetic
273,53,36,Secondary,2,0.500000000000000000,2026-01-06 17:05:52.072077+00:00,2026-01-06 17:05:52.072077+00:00,True,dbldatagen_synthetic
228,200,28,Primary,5,3.500000000000000000,2026-01-06 17:05:52.072077+00:00,2026-01-06 17:05:52.072077+00:00,True,dbldatagen_synthetic
218,56,20,Tertiary,3,1.500000000000000000,2026-01-06 17:05:52.072077+00:00,2026-01-06 17:05:52.072077+00:00,True,dbldatagen_synthetic
169,109,21,Tertiary,2,0.500000000000000000,2026-01-06 17:05:52.072077+00:00,2026-01-06 17:05:52.072077+00:00,True,dbldatagen_synthetic
224,182,34,Primary,5,3.500000000000000000,2026-01-06 17:05:52.072077+00:00,2026-01-06 17:05:52.072077+00:00,True,dbldatagen_synthetic
165,193,39,Secondary,2,0.500000000000000000,2026-01-06 17:05:52.072077+00:00,2026-01-06 17:05:52.072077+00:00,True,dbldatagen_synthetic
282,101,10,Primary,3,1.500000000000000000,2026-01-06 17:05:52.072077+00:00,2026-01-06 17:05:52.072077+00:00,True,dbldatagen_synthetic
280,26,43,Secondary,5,3.500000000000000000,2026-01-06 17:05:52.072077+00:00,2026-01-06 17:05:52.072077+00:00,True,dbldatagen_synthetic
270,128,8,Secondary,3,1.500000000000000000,2026-01-06 17:05:52.072077+00:00,2026-01-06 17:05:52.072077+00:00,True,dbldatagen_synthetic
185,199,27,Secondary,2,0.500000000000000000,2026-01-06 17:05:52.072077+00:00,2026-01-06 17:05:52.072077+00:00,True,dbldatagen_synthetic
267,193,12,Tertiary,4,2.500000000000000000,2026-01-06 17:05:52.072077+00:00,2026-01-06 17:05:52.072077+00:00,True,dbldatagen_synthetic
173,89,36,Secondary,2,0.500000000000000000,2026-01-06 17:05:52.072077+00:00,2026-01-06 17:05:52.072077+00:00,True,dbldatagen_synthetic
287,52,34,Secondary,4,2.500000000000000000,2026-01-06 17:05:52.072077+00:00,2026-01-06 17:05:52.072077+00:00,True,dbldatagen_synthetic
254,33,37,Secondary,3,1.500000000000000000,2026-01-06 17:05:52.072077+00:00,2026-01-06 17:05:52.072077+00:00,True,dbldatagen_synthetic
281,133,36,Tertiary,2,0.500000000000000000,2026-01-06 17:05:52.072077+00:00,2026-01-06 17:05:52.072077+00:00,True,dbldatagen_synthetic
181,117,43,Tertiary,2,0.500000000000000000,2026-01-06 17:05:52.072077+00:00,2026-01-06 17:05:52.072077+00:00,True,dbldatagen_synthetic
229,116,12,Primary,2,0.500000000000000000,2026-01-06 17:05:52.072077+00:00,2026-01-06 17:05:52.072077+00:00,True,dbldatagen_synthetic
245,172,40,Secondary,2,0.500000000000000000,2026-01-06 17:05:52.072077+00:00,2026-01-06 17:05:52.072077+00:00,True,dbldatagen_synthetic
230,46,1,Tertiary,3,1.500000000000000000,2026-01-06 17:05:52.072077+00:00,2026-01-06 17:05:52.072077+00:00,True,dbldatagen_synthetic
189,135,22,Secondary,2,0.500000000000000000,2026-01-06 17:05:52.072077+00:00,2026-01-06 17:05:52.072077+00:00,True,dbldatagen_synthetic
283,114,16,Primary,4,2.500000000000000000,2026-01-06 17:05:52.072077+00:00,2026-01-06 17:05:52.072077+00:00,True,dbldatagen_synthetic
276,142,44,Tertiary,5,3.500000000000000000,2026-01-06 17:05:52.072077+00:00,2026-01-06 17:05:52.072077+00:00,True,dbldatagen_synthetic
212,97,25,Secondary,5,3.500000000000000000,2026-01-06 17:05:52.072077+00:00,2026-01-06 17:05:52.072077+00:00,True,dbldatagen_synthetic
220,183,34,Primary,5,3.500000000000000000,2026-01-06 17:05:52.072077+00:00,2026-01-06 17:05:52.072077+00:00,True,dbldatagen_synthetic
296,155,35,Primary,5,3.500000000000000000,2026-01-06 17:05:52.072077+00:00,2026-01-06 17:05:52.072077+00:00,True,dbldatagen_synthetic
195,157,11,Tertiary,4,2.500000000000000000,2026-01-06 17:05:52.072077+00:00,2026-01-06 17:05:52.072077+00:00,True,dbldatagen_synthetic
264,45,17,Primary,5,3.500000000000000000,2026-01-06 17:05:52.072077+00:00,2026-01-06 17:05:52.072077+00:00,True,dbldatagen_synthetic
290,60,9,Primary,3,1.500000000000000000,2026-01-06 17:05:52.072077+00:00,2026-01-06 17:05:52.072077+00:00,True,dbldatagen_synthetic
244,47,30,Tertiary,5,3.500000000000000000,2026-01-06 17:05:52.072077+00:00,2026-01-06 17:05:52.072077+00:00,True,dbldatagen_synthetic
179,175,36,Secondary,4,2.500000000000000000,2026-01-06 17:05:52.072077+00:00,2026-01-06 17:05:52.072077+00:00,True,dbldatagen_synthetic
193,125,43,Primary,2,0.500000000000000000,2026-01-06 17:05:52.072077+00:00,2026-01-06 17:05:52.072077+00:00,True,dbldatagen_synthetic
196,153,18,Primary,5,3.500000000000000000,2026-01-06 17:05:52.072077+00:00,2026-01-06 17:05:52.072077+00:00,True,dbldatagen_synthetic
291,28,39,Primary,4,2.500000000000000000,2026-01-06 17:05:52.072077+00:00,2026-01-06 17:05:52.072077+00:00,True,dbldatagen_synthetic
252,92,34,Tertiary,5,3.500000000000000000,2026-01-06 17:05:52.072077+00:00,2026-01-06 17:05:52.072077+00:00,True,dbldatagen_synthetic
250,51,43,Secondary,3,1.500000000000000000,2026-01-06 17:05:52.072077+00:00,2026-01-06 17:05:52.072077+00:00,True,dbldatagen_synthetic
205,23,43,Secondary,2,0.500000000000000000,2026-01-06 17:05:52.072077+00:00,2026-01-06 17:05:52.072077+00:00,True,dbldatagen_synthetic
274,83,39,Primary,3,1.500000000000000000,2026-01-06 17:05:52.072077+00:00,2026-01-06 17:05:52.072077+00:00,True,dbldatagen_synthetic
272,75,29,Primary,5,3.500000000000000000,2026-01-06 17:05:52.072077+00:00,2026-01-06 17:05:52.072077+00:00,True,dbldatagen_synthetic
154,196,23,Secondary,3,1.500000000000000000,2026-01-06 17:05:52.072077+00:00,2026-01-06 17:05:52.072077+00:00,True,dbldatagen_synthetic
197,144,15,Secondary,2,0.500000000000000000,2026-01-06 17:05:52.072077+00:00,2026-01-06 17:05:52.072077+00:00,True,dbldatagen_synthetic
202,11,9,Primary,3,1.500000000000000000,2026-01-06 17:05:52.072077+00:00,2026-01-06 17:05:52.072077+00:00,True,dbldatagen_synthetic
152,46,38,Secondary,5,3.500000000000000000,2026-01-06 17:05:52.072077+00:00,2026-01-06 17:05:52.072077+00:00,True,dbldatagen_synthetic
259,192,33,Tertiary,4,2.500000000000000000,2026-01-06 17:05:52.072077+00:00,2026-01-06 17:05:52.072077+00:00,True,dbldatagen_synthetic
246,8,35,Primary,3,1.500000000000000000,2026-01-06 17:05:52.072077+00:00,2026-01-06 17:05:52.072077+00:00,True,dbldatagen_synthetic
231,29,15,Secondary,4,2.500000000000000000,2026-01-06 17:05:52.072077+00:00,2026-01-06 17:05:52.072077+00:00,True,dbldatagen_synthetic
269,150,7,Tertiary,2,0.500000000000000000,2026-01-06 17:05:52.072077+00:00,2026-01-06 17:05:52.072077+00:00,True,dbldatagen_synthetic
242,30,20,Primary,3,1.500000000000000000,2026-01-06 17:05:52.072077+00:00,2026-01-06 17:05:52.072077+00:00,True,dbldatagen_synthetic
294,67,14,Primary,3,1.500000000000000000,2026-01-06 17:05:52.072077+00:00,2026-01-06 17:05:52.072077+00:00,True,dbldatagen_synthetic
243,48,3,Secondary,4,2.500000000000000000,2026-01-06 17:05:52.072077+00:00,2026-01-06 17:05:52.072077+00:00,True,dbldatagen_synthetic
210,44,23,Tertiary,3,1.500000000000000000,2026-01-06 17:05:52.072077+00:00,2026-01-06 17:05:52.072077+00:00,True,dbldatagen_synthetic
380,109,33,Primary,5,3.500000000000000000,2026-01-06 17:05:52.072077+00:00,2026-01-06 17:05:52.072077+00:00,True,dbldatagen_synthetic
400,155,13,Primary,5,3.500000000000000000,2026-01-06 17:05:52.072077+00:00,2026-01-06 17:05:52.072077+00:00,True,dbldatagen_synthetic
366,135,3,Primary,3,1.500000000000000000,2026-01-06 17:05:52.072077+00:00,2026-01-06 17:05:52.072077+00:00,True,dbldatagen_synthetic
315,64,41,Tertiary,4,2.500000000000000000,2026-01-06 17:05:52.072077+00:00,2026-01-06 17:05:52.072077+00:00,True,dbldatagen_synthetic
324,23,11,Primary,5,3.500000000000000000,2026-01-06 17:05:52.072077+00:00,2026-01-06 17:05:52.072077+00:00,True,dbldatagen_synthetic
439,95,33,Primary,4,2.500000000000000000,2026-01-06 17:05:52.072077+00:00,2026-01-06 17:05:52.072077+00:00,True,dbldatagen_synthetic
346,164,19,Primary,3,1.500000000000000000,2026-01-06 17:05:52.072077+00:00,2026-01-06 17:05:52.072077+00:00,True,dbldatagen_synthetic
387,127,14,Secondary,4,2.500000000000000000,2026-01-06 17:05:52.072077+00:00,2026-01-06 17:05:52.072077+00:00,True,dbldatagen_synthetic
355,136,34,Primary,4,2.500000000000000000,2026-01-06 17:05:52.072077+00:00,2026-01-06 17:05:52.072077+00:00,True,dbldatagen_synthetic
437,145,28,Tertiary,2,0.500000000000000000,2026-01-06 17:05:52.072077+00:00,2026-01-06 17:05:52.072077+00:00,True,dbldatagen_synthetic
306,80,37,Tertiary,3,1.500000000000000000,2026-01-06 17:05:52.072077+00:00,2026-01-06 17:05:52.072077+00:00,True,dbldatagen_synthetic
335,89,41,Secondary,4,2.500000000000000000,2026-01-06 17:05:52.072077+00:00,2026-01-06 17:05:52.072077+00:00,True,dbldatagen_synthetic
340,95,25,Primary,5,3.500000000000000000,2026-01-06 17:05:52.072077+00:00,2026-01-06 17:05:52.072077+00:00,True,dbldatagen_synthetic
319,44,17,Tertiary,4,2.500000000000000000,2026-01-06 17:05:52.072077+00:00,2026-01-06 17:05:52.072077+00:00,True,dbldatagen_synthetic
362,75,35,Tertiary,3,1.500000000000000000,2026-01-06 17:05:52.072077+00:00,2026-01-06 17:05:52.072077+00:00,True,dbldatagen_synthetic
442,103,39,Secondary,3,1.500000000000000000,2026-01-06 17:05:52.072077+00:00,2026-01-06 17:05:52.072077+00:00,True,dbldatagen_synthetic
449,53,44,Secondary,2,0.500000000000000000,2026-01-06 17:05:52.072077+00:00,2026-01-06 17:05:52.072077+00:00,True,dbldatagen_synthetic
385,35,2,Secondary,2,0.500000000000000000,2026-01-06 17:05:52.072077+00:00,2026-01-06 17:05:52.072077+00:00,True,dbldatagen_synthetic
344,172,37,Secondary,5,3.500000000000000000,2026-01-06 17:05:52.072077+00:00,2026-01-06 17:05:52.072077+00:00,True,dbldatagen_synthetic
377,117,10,Secondary,2,0.500000000000000000,2026-01-06 17:05:52.072077+00:00,2026-01-06 17:05:52.072077+00:00,True,dbldatagen_synthetic
351,81,6,Primary,4,2.500000000000000000,2026-01-06 17:05:52.072077+00:00,2026-01-06 17:05:52.072077+00:00,True,dbldatagen_synthetic
329,61,11,Primary,2,0.500000000000000000,2026-01-06 17:05:52.072077+00:00,2026-01-06 17:05:52.072077+00:00,True,dbldatagen_synthetic
438,153,38,Primary,3,1.500000000000000000,2026-01-06 17:05:52.072077+00:00,2026-01-06 17:05:52.072077+00:00,True,dbldatagen_synthetic
395,170,11,Primary,4,2.500000000000000000,2026-01-06 17:05:52.072077+00:00,2026-01-06 17:05:52.072077+00:00,True,dbldatagen_synthetic
434,89,33,Secondary,3,1.500000000000000000,2026-01-06 17:05:52.072077+00:00,2026-01-06 17:05:52.072077+00:00,True,dbldatagen_synthetic
311,53,19,Primary,4,2.500000000000000000,2026-01-06 17:05:52.072077+00:00,2026-01-06 17:05:52.072077+00:00,True,dbldatagen_synthetic
349,169,32,Tertiary,2,0.500000000000000000,2026-01-06 17:05:52.072077+00:00,2026-01-06 17:05:52.072077+00:00,True,dbldatagen_synthetic
448,3,12,Primary,5,3.500000000000000000,2026-01-06 17:05:52.072077+00:00,2026-01-06 17:05:52.072077+00:00,True,dbldatagen_synthetic
389,175,38,Secondary,2,0.500000000000000000,2026-01-06 17:05:52.072077+00:00,2026-01-06 17:05:52.072077+00:00,True,dbldatagen_synthetic
336,51,7,Secondary,5,3.500000000000000000,2026-01-06 17:05:52.072077+00:00,2026-01-06 17:05:52.072077+00:00,True,dbldatagen_synthetic
304,121,19,Secondary,5,3.500000000000000000,2026-01-06 17:05:52.072077+00:00,2026-01-06 17:05:52.072077+00:00,True,dbldatagen_synthetic
305,4,38,Tertiary,2,0.500000000000000000,2026-01-06 17:05:52.072077+00:00,2026-01-06 17:05:52.072077+00:00,True,dbldatagen_synthetic
353,24,8,Primary,2,0.500000000000000000,2026-01-06 17:05:52.072077+00:00,2026-01-06 17:05:52.072077+00:00,True,dbldatagen_synthetic
350,62,41,Primary,3,1.500000000000000000,2026-01-06 17:05:52.072077+00:00,2026-01-06 17:05:52.072077+00:00,True,dbldatagen_synthetic
427,151,32,Primary,4,2.500000000000000000,2026-01-06 17:05:52.072077+00:00,2026-01-06 17:05:52.072077+00:00,True,dbldatagen_synthetic
408,78,29,Secondary,5,3.500000000000000000,2026-01-06 17:05:52.072077+00:00,2026-01-06 17:05:52.072077+00:00,True,dbldatagen_synthetic
409,9,23,Secondary,2,0.500000000000000000,2026-01-06 17:05:52.072077+00:00,2026-01-06 17:05:52.072077+00:00,True,dbldatagen_synthetic
375,41,19,Secondary,4,2.500000000000000000,2026-01-06 17:05:52.072077+00:00,2026-01-06 17:05:52.072077+00:00,True,dbldatagen_synthetic
414,80,36,Tertiary,3,1.500000000000000000,2026-01-06 17:05:52.072077+00:00,2026-01-06 17:05:52.072077+00:00,True,dbldatagen_synthetic
430,117,21,Primary,3,1.500000000000000000,2026-01-06 17:05:52.072077+00:00,2026-01-06 17:05:52.072077+00:00,True,dbldatagen_synthetic
321,177,11,Secondary,2,0.500000000000000000,2026-01-06 17:05:52.072077+00:00,2026-01-06 17:05:52.072077+00:00,True,dbldatagen_synthetic
367,59,30,Secondary,4,2.500000000000000000,2026-01-06 17:05:52.072077+00:00,2026-01-06 17:05:52.072077+00:00,True,dbldatagen_synthetic
436,55,10,Secondary,5,3.500000000000000000,2026-01-06 17:05:52.072077+00:00,2026-01-06 17:05:52.072077+00:00,True,dbldatagen_synthetic
444,146,21,Primary,5,3.500000000000000000,2026-01-06 17:05:52.072077+00:00,2026-01-06 17:05:52.072077+00:00,True,dbldatagen_synthetic
303,173,5,Secondary,4,2.500000000000000000,2026-01-06 17:05:52.072077+00:00,2026-01-06 17:05:52.072077+00:00,True,dbldatagen_synthetic
397,105,21,Tertiary,2,0.500000000000000000,2026-01-06 17:05:52.072077+00:00,2026-01-06 17:05:52.072077+00:00,True,dbldatagen_synthetic
345,134,33,Primary,2,0.500000000000000000,2026-01-06 17:05:52.072077+00:00,2026-01-06 17:05:52.072077+00:00,True,dbldatagen_synthetic
361,137,45,Primary,2,0.500000000000000000,2026-01-06 17:05:52.072077+00:00,2026-01-06 17:05:52.072077+00:00,True,dbldatagen_synthetic
376,30,16,Tertiary,5,3.500000000000000000,2026-01-06 17:05:52.072077+00:00,2026-01-06 17:05:52.072077+00:00,True,dbldatagen_synthetic
381,14,39,Secondary,2,0.500000000000000000,2026-01-06 17:05:52.072077+00:00,2026-01-06 17:05:52.072077+00:00,True,dbldatagen_synthetic
392,108,28,Secondary,5,3.500000000000000000,2026-01-06 17:05:52.072077+00:00,2026-01-06 17:05:52.072077+00:00,True,dbldatagen_synthetic
313,2,13,Primary,2,0.500000000000000000,2026-01-06 17:05:52.072077+00:00,2026-01-06 17:05:52.072077+00:00,True,dbldatagen_synthetic
423,189,32,Secondary,4,2.500000000000000000,2026-01-06 17:05:52.072077+00:00,2026-01-06 17:05:52.072077+00:00,True,dbldatagen_synthetic
425,147,43,Secondary,2,0.500000000000000000,2026-01-06 17:05:52.072077+00:00,2026-01-06 17:05:52.072077+00:00,True,dbldatagen_synthetic
401,117,39,Secondary,2,0.500000000000000000,2026-01-06 17:05:52.072077+00:00,2026-01-06 17:05:52.072077+00:00,True,dbldatagen_synthetic
330,126,8,Secondary,3,1.500000000000000000,2026-01-06 17:05:52.072077+00:00,2026-01-06 17:05:52.072077+00:00,True,dbldatagen_synthetic
418,116,6,Tertiary,3,1.500000000000000000,2026-01-06 17:05:52.072077+00:00,2026-01-06 17:05:52.072077+00:00,True,dbldatagen_synthetic
356,102,34,Primary,5,3.500000000000000000,2026-01-06 17:05:52.072077+00:00,2026-01-06 17:05:52.072077+00:00,True,dbldatagen_synthetic
326,155,30,Primary,3,1.500000000000000000,2026-01-06 17:05:52.072077+00:00,2026-01-06 17:05:52.072077+00:00,True,dbldatagen_synthetic
384,197,28,Secondary,5,3.500000000000000000,2026-01-06 17:05:52.072077+00:00,2026-01-06 17:05:52.072077+00:00,True,dbldatagen_synthetic
445,15,5,Secondary,2,0.500000000000000000,2026-01-06 17:05:52.072077+00:00,2026-01-06 17:05:52.072077+00:00,True,dbldatagen_synthetic
348,135,27,Tertiary,5,3.500000000000000000,2026-01-06 17:05:52.072077+00:00,2026-01-06 17:05:52.072077+00:00,True,dbldatagen_synthetic
420,199,8,Primary,5,3.500000000000000000,2026-01-06 17:05:52.072077+00:00,2026-01-06 17:05:52.072077+00:00,True,dbldatagen_synthetic
383,176,22,Primary,4,2.500000000000000000,2026-01-06 17:05:52.072077+00:00,2026-01-06 17:05:52.072077+00:00,True,dbldatagen_synthetic
359,59,35,Primary,4,2.500000000000000000,2026-01-06 17:05:52.072077+00:00,2026-01-06 17:05:52.072077+00:00,True,dbldatagen_synthetic
379,126,36,Secondary,4,2.500000000000000000,2026-01-06 17:05:52.072077+00:00,2026-01-06 17:05:52.072077+00:00,True,dbldatagen_synthetic
415,148,28,Secondary,4,2.500000000000000000,2026-01-06 17:05:52.072077+00:00,2026-01-06 17:05:52.072077+00:00,True,dbldatagen_synthetic
343,134,30,Tertiary,4,2.500000000000000000,2026-01-06 17:05:52.072077+00:00,2026-01-06 17:05:52.072077+00:00,True,dbldatagen_synthetic
390,88,11,Secondary,3,1.500000000000000000,2026-01-06 17:05:52.072077+00:00,2026-01-06 17:05:52.072077+00:00,True,dbldatagen_synthetic
432,17,3,Primary,5,3.500000000000000000,2026-01-06 17:05:52.072077+00:00,2026-01-06 17:05:52.072077+00:00,True,dbldatagen_synthetic
312,80,9,Secondary,5,3.500000000000000000,2026-01-06 17:05:52.072077+00:00,2026-01-06 17:05:52.072077+00:00,True,dbldatagen_synthetic
399,13,4,Secondary,4,2.500000000000000000,2026-01-06 17:05:52.072077+00:00,2026-01-06 17:05:52.072077+00:00,True,dbldatagen_synthetic
363,141,2,Secondary,4,2.500000000000000000,2026-01-06 17:05:52.072077+00:00,2026-01-06 17:05:52.072077+00:00,True,dbldatagen_synthetic
371,176,21,Primary,4,2.500000000000000000,2026-01-06 17:05:52.072077+00:00,2026-01-06 17:05:52.072077+00:00,True,dbldatagen_synthetic
406,155,37,Secondary,3,1.500000000000000000,2026-01-06 17:05:52.072077+00:00,2026-01-06 17:05:52.072077+00:00,True,dbldatagen_synthetic
320,198,41,Secondary,5,3.500000000000000000,2026-01-06 17:05:52.072077+00:00,2026-01-06 17:05:52.072077+00:00,True,dbldatagen_synthetic
369,170,16,Primary,2,0.500000000000000000,2026-01-06 17:05:52.072077+00:00,2026-01-06 17:05:52.072077+00:00,True,dbldatagen_synthetic
403,86,38,Primary,4,2.500000000000000000,2026-01-06 17:05:52.072077+00:00,2026-01-06 17:05:52.072077+00:00,True,dbldatagen_synthetic
422,120,39,Tertiary,3,1.500000000000000000,2026-01-06 17:05:52.072077+00:00,2026-01-06 17:05:52.072077+00:00,True,dbldatagen_synthetic
352,65,1,Secondary,5,3.500000000000000000,2026-01-06 17:05:52.072077+00:00,2026-01-06 17:05:52.072077+00:00,True,dbldatagen_synthetic
428,91,14,Primary,5,3.500000000000000000,2026-01-06 17:05:52.072077+00:00,2026-01-06 17:05:52.072077+00:00,True,dbldatagen_synthetic
433,48,18,Primary,2,0.500000000000000000,2026-01-06 17:05:52.072077+00:00,2026-01-06 17:05:52.072077+00:00,True,dbldatagen_synthetic
426,126,19,Tertiary,3,1.500000000000000000,2026-01-06 17:05:52.072077+00:00,2026-01-06 17:05:52.072077+00:00,True,dbldatagen_synthetic
443,181,24,Tertiary,4,2.500000000000000000,2026-01-06 17:05:52.072077+00:00,2026-01-06 17:05:52.072077+00:00,True,dbldatagen_synthetic
441,111,20,Secondary,2,0.500000000000000000,2026-01-06 17:05:52.072077+00:00,2026-01-06 17:05:52.072077+00:00,True,dbldatagen_synthetic
386,157,28,Secondary,3,1.500000000000000000,2026-01-06 17:05:52.072077+00:00,2026-01-06 17:05:52.072077+00:00,True,dbldatagen_synthetic
354,113,33,Tertiary,3,1.500000000000000000,2026-01-06 17:05:52.072077+00:00,2026-01-06 17:05:52.072077+00:00,True,dbldatagen_synthetic
307,40,25,Tertiary,4,2.500000000000000000,2026-01-06 17:05:52.072077+00:00,2026-01-06 17:05:52.072077+00:00,True,dbldatagen_synthetic
301,21,2,Primary,2,0.500000000000000000,2026-01-06 17:05:52.072077+00:00,2026-01-06 17:05:52.072077+00:00,True,dbldatagen_synthetic
323,171,24,Secondary,4,2.500000000000000000,2026-01-06 17:05:52.072077+00:00,2026-01-06 17:05:52.072077+00:00,True,dbldatagen_synthetic
333,43,24,Tertiary,2,0.500000000000000000,2026-01-06 17:05:52.072077+00:00,2026-01-06 17:05:52.072077+00:00,True,dbldatagen_synthetic
419,169,28,Primary,4,2.500000000000000000,2026-01-06 17:05:52.072077+00:00,2026-01-06 17:05:52.072077+00:00,True,dbldatagen_synthetic
342,21,15,Secondary,3,1.500000000000000000,2026-01-06 17:05:52.072077+00:00,2026-01-06 17:05:52.072077+00:00,True,dbldatagen_synthetic
394,28,30,Primary,3,1.500000000000000000,2026-01-06 17:05:52.072077+00:00,2026-01-06 17:05:52.072077+00:00,True,dbldatagen_synthetic
357,63,23,Tertiary,2,0.500000000000000000,2026-01-06 17:05:52.072077+00:00,2026-01-06 17:05:52.072077+00:00,True,dbldatagen_synthetic
309,124,42,Secondary,2,0.500000000000000000,2026-01-06 17:05:52.072077+00:00,2026-01-06 17:05:52.072077+00:00,True,dbldatagen_synthetic
398,71,29,Secondary,3,1.500000000000000000,2026-01-06 17:05:52.072077+00:00,2026-01-06 17:05:52.072077+00:00,True,dbldatagen_synthetic
372,145,40,Secondary,5,3.500000000000000000,2026-01-06 17:05:52.072077+00:00,2026-01-06 17:05:52.072077+00:00,True,dbldatagen_synthetic
417,134,2,Primary,2,0.500000000000000000,2026-01-06 17:05:52.072077+00:00,2026-01-06 17:05:52.072077+00:00,True,dbldatagen_synthetic
334,195,23,Secondary,3,1.500000000000000000,2026-01-06 17:05:52.072077+00:00,2026-01-06 17:05:52.072077+00:00,True,dbldatagen_synthetic
332,144,12,Secondary,5,3.500000000000000000,2026-01-06 17:05:52.072077+00:00,2026-01-06 17:05:52.072077+00:00,True,dbldatagen_synthetic
450,112,5,Primary,3,1.500000000000000000,2026-01-06 17:05:52.072077+00:00,2026-01-06 17:05:52.072077+00:00,True,dbldatagen_synthetic
416,11,32,Tertiary,5,3.500000000000000000,2026-01-06 17:05:52.072077+00:00,2026-01-06 17:05:52.072077+00:00,True,dbldatagen_synthetic
368,76,30,Primary,5,3.500000000000000000,2026-01-06 17:05:52.072077+00:00,2026-01-06 17:05:52.072077+00:00,True,dbldatagen_synthetic
337,42,11,Secondary,2,0.500000000000000000,2026-01-06 17:05:52.072077+00:00,2026-01-06 17:05:52.072077+00:00,True,dbldatagen_synthetic
364,63,16,Primary,5,3.500000000000000000,2026-01-06 17:05:52.072077+00:00,2026-01-06 17:05:52.072077+00:00,True,dbldatagen_synthetic
365,167,15,Primary,2,0.500000000000000000,2026-01-06 17:05:52.072077+00:00,2026-01-06 17:05:52.072077+00:00,True,dbldatagen_synthetic
317,191,4,Primary,2,0.500000000000000000,2026-01-06 17:05:52.072077+00:00,2026-01-06 17:05:52.072077+00:00,True,dbldatagen_synthetic
396,198,29,Primary,5,3.500000000000000000,2026-01-06 17:05:52.072077+00:00,2026-01-06 17:05:52.072077+00:00,True,dbldatagen_synthetic
360,136,17,Secondary,5,3.500000000000000000,2026-01-06 17:05:52.072077+00:00,2026-01-06 17:05:52.072077+00:00,True,dbldatagen_synthetic
338,134,17,Secondary,3,1.500000000000000000,2026-01-06 17:05:52.072077+00:00,2026-01-06 17:05:52.072077+00:00,True,dbldatagen_synthetic
411,89,2,Primary,4,2.500000000000000000,2026-01-06 17:05:52.072077+00:00,2026-01-06 17:05:52.072077+00:00,True,dbldatagen_synthetic
358,33,43,Secondary,3,1.500000000000000000,2026-01-06 17:05:52.072077+00:00,2026-01-06 17:05:52.072077+00:00,True,dbldatagen_synthetic
378,199,5,Tertiary,3,1.500000000000000000,2026-01-06 17:05:52.072077+00:00,2026-01-06 17:05:52.072077+00:00,True,dbldatagen_synthetic
407,57,12,Secondary,4,2.500000000000000000,2026-01-06 17:05:52.072077+00:00,2026-01-06 17:05:52.072077+00:00,True,dbldatagen_synthetic
440,117,44,Secondary,5,3.500000000000000000,2026-01-06 17:05:52.072077+00:00,2026-01-06 17:05:52.072077+00:00,True,dbldatagen_synthetic
325,57,35,Tertiary,2,0.500000000000000000,2026-01-06 17:05:52.072077+00:00,2026-01-06 17:05:52.072077+00:00,True,dbldatagen_synthetic
429,166,2,Tertiary,2,0.500000000000000000,2026-01-06 17:05:52.072077+00:00,2026-01-06 17:05:52.072077+00:00,True,dbldatagen_synthetic
421,89,4,Secondary,2,0.500000000000000000,2026-01-06 17:05:52.072077+00:00,2026-01-06 17:05:52.072077+00:00,True,dbldatagen_synthetic
310,143,41,Primary,3,1.500000000000000000,2026-01-06 17:05:52.072077+00:00,2026-01-06 17:05:52.072077+00:00,True,dbldatagen_synthetic
327,121,38,Tertiary,4,2.500000000000000000,2026-01-06 17:05:52.072077+00:00,2026-01-06 17:05:52.072077+00:00,True,dbldatagen_synthetic
413,51,4,Primary,2,0.500000000000000000,2026-01-06 17:05:52.072077+00:00,2026-01-06 17:05:52.072077+00:00,True,dbldatagen_synthetic
405,187,12,Secondary,2,0.500000000000000000,2026-01-06 17:05:52.072077+00:00,2026-01-06 17:05:52.072077+00:00,True,dbldatagen_synthetic
382,199,24,Primary,3,1.500000000000000000,2026-01-06 17:05:52.072077+00:00,2026-01-06 17:05:52.072077+00:00,True,dbldatagen_synthetic
328,190,1,Secondary,5,3.500000000000000000,2026-01-06 17:05:52.072077+00:00,2026-01-06 17:05:52.072077+00:00,True,dbldatagen_synthetic
339,139,19,Tertiary,4,2.500000000000000000,2026-01-06 17:05:52.072077+00:00,2026-01-06 17:05:52.072077+00:00,True,dbldatagen_synthetic
341,120,31,Secondary,2,0.500000000000000000,2026-01-06 17:05:52.072077+00:00,2026-01-06 17:05:52.072077+00:00,True,dbldatagen_synthetic
388,74,34,Primary,5,3.500000000000000000,2026-01-06 17:05:52.072077+00:00,2026-01-06 17:05:52.072077+00:00,True,dbldatagen_synthetic
302,154,36,Secondary,3,1.500000000000000000,2026-01-06 17:05:52.072077+00:00,2026-01-06 17:05:52.072077+00:00,True,dbldatagen_synthetic
431,130,42,Tertiary,4,2.500000000000000000,2026-01-06 17:05:52.072077+00:00,2026-01-06 17:05:52.072077+00:00,True,dbldatagen_synthetic
391,70,18,Secondary,4,2.500000000000000000,2026-01-06 17:05:52.072077+00:00,2026-01-06 17:05:52.072077+00:00,True,dbldatagen_synthetic
404,8,5,Secondary,5,3.500000000000000000,2026-01-06 17:05:52.072077+00:00,2026-01-06 17:05:52.072077+00:00,True,dbldatagen_synthetic
314,114,37,Primary,3,1.500000000000000000,2026-01-06 17:05:52.072077+00:00,2026-01-06 17:05:52.072077+00:00,True,dbldatagen_synthetic
318,199,38,Secondary,3,1.500000000000000000,2026-01-06 17:05:52.072077+00:00,2026-01-06 17:05:52.072077+00:00,True,dbldatagen_synthetic
331,198,23,Primary,4,2.500000000000000000,2026-01-06 17:05:52.072077+00:00,2026-01-06 17:05:52.072077+00:00,True,dbldatagen_synthetic
393,193,37,Primary,2,0.500000000000000000,2026-01-06 17:05:52.072077+00:00,2026-01-06 17:05:52.072077+00:00,True,dbldatagen_synthetic
402,83,27,Secondary,3,1.500000000000000000,2026-01-06 17:05:52.072077+00:00,2026-01-06 17:05:52.072077+00:00,True,dbldatagen_synthetic
563,7,7,Secondary,4,2.500000000000000000,2026-01-06 17:05:52.072077+00:00,2026-01-06 17:05:52.072077+00:00,True,dbldatagen_synthetic
547,27,34,Primary,4,2.500000000000000000,2026-01-06 17:05:52.072077+00:00,2026-01-06 17:05:52.072077+00:00,True,dbldatagen_synthetic
459,44,14,Tertiary,4,2.500000000000000000,2026-01-06 17:05:52.072077+00:00,2026-01-06 17:05:52.072077+00:00,True,dbldatagen_synthetic
466,14,25,Secondary,3,1.500000000000000000,2026-01-06 17:05:52.072077+00:00,2026-01-06 17:05:52.072077+00:00,True,dbldatagen_synthetic
562,14,38,Secondary,3,1.500000000000000000,2026-01-06 17:05:52.072077+00:00,2026-01-06 17:05:52.072077+00:00,True,dbldatagen_synthetic
519,186,36,Primary,4,2.500000000000000000,2026-01-06 17:05:52.072077+00:00,2026-01-06 17:05:52.072077+00:00,True,dbldatagen_synthetic
469,2,6,Tertiary,2,0.500000000000000000,2026-01-06 17:05:52.072077+00:00,2026-01-06 17:05:52.072077+00:00,True,dbldatagen_synthetic
530,191,39,Tertiary,3,1.500000000000000000,2026-01-06 17:05:52.072077+00:00,2026-01-06 17:05:52.072077+00:00,True,dbldatagen_synthetic
493,96,44,Tertiary,2,0.500000000000000000,2026-01-06 17:05:52.072077+00:00,2026-01-06 17:05:52.072077+00:00,True,dbldatagen_synthetic
534,157,44,Tertiary,3,1.500000000000000000,2026-01-06 17:05:52.072077+00:00,2026-01-06 17:05:52.072077+00:00,True,dbldatagen_synthetic
516,175,22,Secondary,5,3.500000000000000000,2026-01-06 17:05:52.072077+00:00,2026-01-06 17:05:52.072077+00:00,True,dbldatagen_synthetic
508,56,3,Secondary,5,3.500000000000000000,2026-01-06 17:05:52.072077+00:00,2026-01-06 17:05:52.072077+00:00,True,dbldatagen_synthetic
572,64,38,Secondary,5,3.500000000000000000,2026-01-06 17:05:52.072077+00:00,2026-01-06 17:05:52.072077+00:00,True,dbldatagen_synthetic
571,46,8,Primary,4,2.500000000000000000,2026-01-06 17:05:52.072077+00:00,2026-01-06 17:05:52.072077+00:00,True,dbldatagen_synthetic
568,59,42,Primary,5,3.500000000000000000,2026-01-06 17:05:52.072077+00:00,2026-01-06 17:05:52.072077+00:00,True,dbldatagen_synthetic
586,180,11,Primary,3,1.500000000000000000,2026-01-06 17:05:52.072077+00:00,2026-01-06 17:05:52.072077+00:00,True,dbldatagen_synthetic
551,37,20,Secondary,4,2.500000000000000000,2026-01-06 17:05:52.072077+00:00,2026-01-06 17:05:52.072077+00:00,True,dbldatagen_synthetic
536,93,36,Secondary,5,3.500000000000000000,2026-01-06 17:05:52.072077+00:00,2026-01-06 17:05:52.072077+00:00,True,dbldatagen_synthetic
499,49,17,Primary,4,2.500000000000000000,2026-01-06 17:05:52.072077+00:00,2026-01-06 17:05:52.072077+00:00,True,dbldatagen_synthetic
510,112,32,Tertiary,3,1.500000000000000000,2026-01-06 17:05:52.072077+00:00,2026-01-06 17:05:52.072077+00:00,True,dbldatagen_synthetic
488,126,28,Secondary,5,3.500000000000000000,2026-01-06 17:05:52.072077+00:00,2026-01-06 17:05:52.072077+00:00,True,dbldatagen_synthetic
544,86,43,Secondary,5,3.500000000000000000,2026-01-06 17:05:52.072077+00:00,2026-01-06 17:05:52.072077+00:00,True,dbldatagen_synthetic
545,114,43,Tertiary,2,0.500000000000000000,2026-01-06 17:05:52.072077+00:00,2026-01-06 17:05:52.072077+00:00,True,dbldatagen_synthetic
556,78,37,Tertiary,5,3.500000000000000000,2026-01-06 17:05:52.072077+00:00,2026-01-06 17:05:52.072077+00:00,True,dbldatagen_synthetic
518,154,43,Primary,3,1.500000000000000000,2026-01-06 17:05:52.072077+00:00,2026-01-06 17:05:52.072077+00:00,True,dbldatagen_synthetic
553,9,37,Tertiary,2,0.500000000000000000,2026-01-06 17:05:52.072077+00:00,2026-01-06 17:05:52.072077+00:00,True,dbldatagen_synthetic
588,145,21,Primary,5,3.500000000000000000,2026-01-06 17:05:52.072077+00:00,2026-01-06 17:05:52.072077+00:00,True,dbldatagen_synthetic
481,8,43,Secondary,2,0.500000000000000000,2026-01-06 17:05:52.072077+00:00,2026-01-06 17:05:52.072077+00:00,True,dbldatagen_synthetic
460,29,16,Primary,5,3.500000000000000000,2026-01-06 17:05:52.072077+00:00,2026-01-06 17:05:52.072077+00:00,True,dbldatagen_synthetic
465,96,36,Primary,2,0.500000000000000000,2026-01-06 17:05:52.072077+00:00,2026-01-06 17:05:52.072077+00:00,True,dbldatagen_synthetic
524,131,33,Tertiary,5,3.500000000000000000,2026-01-06 17:05:52.072077+00:00,2026-01-06 17:05:52.072077+00:00,True,dbldatagen_synthetic
468,131,11,Primary,5,3.500000000000000000,2026-01-06 17:05:52.072077+00:00,2026-01-06 17:05:52.072077+00:00,True,dbldatagen_synthetic
455,166,14,Secondary,4,2.500000000000000000,2026-01-06 17:05:52.072077+00:00,2026-01-06 17:05:52.072077+00:00,True,dbldatagen_synthetic
597,184,3,Tertiary,2,0.500000000000000000,2026-01-06 17:05:52.072077+00:00,2026-01-06 17:05:52.072077+00:00,True,dbldatagen_synthetic
454,96,41,Tertiary,3,1.500000000000000000,2026-01-06 17:05:52.072077+00:00,2026-01-06 17:05:52.072077+00:00,True,dbldatagen_synthetic
520,63,18,Secondary,5,3.500000000000000000,2026-01-06 17:05:52.072077+00:00,2026-01-06 17:05:52.072077+00:00,True,dbldatagen_synthetic
576,77,2,Secondary,5,3.500000000000000000,2026-01-06 17:05:52.072077+00:00,2026-01-06 17:05:52.072077+00:00,True,dbldatagen_synthetic
585,11,41,Secondary,2,0.500000000000000000,2026-01-06 17:05:52.072077+00:00,2026-01-06 17:05:52.072077+00:00,True,dbldatagen_synthetic
549,12,11,Tertiary,2,0.500000000000000000,2026-01-06 17:05:52.072077+00:00,2026-01-06 17:05:52.072077+00:00,True,dbldatagen_synthetic
492,160,23,Tertiary,5,3.500000000000000000,2026-01-06 17:05:52.072077+00:00,2026-01-06 17:05:52.072077+00:00,True,dbldatagen_synthetic
538,81,10,Primary,3,1.500000000000000000,2026-01-06 17:05:52.072077+00:00,2026-01-06 17:05:52.072077+00:00,True,dbldatagen_synthetic
584,100,42,Tertiary,5,3.500000000000000000,2026-01-06 17:05:52.072077+00:00,2026-01-06 17:05:52.072077+00:00,True,dbldatagen_synthetic
495,69,9,Tertiary,4,2.500000000000000000,2026-01-06 17:05:52.072077+00:00,2026-01-06 17:05:52.072077+00:00,True,dbldatagen_synthetic
476,46,2,Primary,5,3.500000000000000000,2026-01-06 17:05:52.072077+00:00,2026-01-06 17:05:52.072077+00:00,True,dbldatagen_synthetic
535,81,36,Secondary,4,2.500000000000000000,2026-01-06 17:05:52.072077+00:00,2026-01-06 17:05:52.072077+00:00,True,dbldatagen_synthetic
583,54,45,Secondary,4,2.500000000000000000,2026-01-06 17:05:52.072077+00:00,2026-01-06 17:05:52.072077+00:00,True,dbldatagen_synthetic
498,111,1,Secondary,3,1.500000000000000000,2026-01-06 17:05:52.072077+00:00,2026-01-06 17:05:52.072077+00:00,True,dbldatagen_synthetic
559,130,31,Primary,4,2.500000000000000000,2026-01-06 17:05:52.072077+00:00,2026-01-06 17:05:52.072077+00:00,True,dbldatagen_synthetic
554,23,28,Primary,3,1.500000000000000000,2026-01-06 17:05:52.072077+00:00,2026-01-06 17:05:52.072077+00:00,True,dbldatagen_synthetic
599,67,28,Primary,4,2.500000000000000000,2026-01-06 17:05:52.072077+00:00,2026-01-06 17:05:52.072077+00:00,True,dbldatagen_synthetic
470,147,24,Primary,3,1.500000000000000000,2026-01-06 17:05:52.072077+00:00,2026-01-06 17:05:52.072077+00:00,True,dbldatagen_synthetic
539,35,39,Tertiary,4,2.500000000000000000,2026-01-06 17:05:52.072077+00:00,2026-01-06 17:05:52.072077+00:00,True,dbldatagen_synthetic
540,115,27,Secondary,5,3.500000000000000000,2026-01-06 17:05:52.072077+00:00,2026-01-06 17:05:52.072077+00:00,True,dbldatagen_synthetic
591,187,21,Tertiary,4,2.500000000000000000,2026-01-06 17:05:52.072077+00:00,2026-01-06 17:05:52.072077+00:00,True,dbldatagen_synthetic
494,7,34,Primary,3,1.500000000000000000,2026-01-06 17:05:52.072077+00:00,2026-01-06 17:05:52.072077+00:00,True,dbldatagen_synthetic
558,188,24,Primary,3,1.500000000000000000,2026-01-06 17:05:52.072077+00:00,2026-01-06 17:05:52.072077+00:00,True,dbldatagen_synthetic
550,179,44,Secondary,3,1.500000000000000000,2026-01-06 17:05:52.072077+00:00,2026-01-06 17:05:52.072077+00:00,True,dbldatagen_synthetic
596,3,28,Primary,5,3.500000000000000000,2026-01-06 17:05:52.072077+00:00,2026-01-06 17:05:52.072077+00:00,True,dbldatagen_synthetic
564,191,31,Primary,5,3.500000000000000000,2026-01-06 17:05:52.072077+00:00,2026-01-06 17:05:52.072077+00:00,True,dbldatagen_synthetic
593,136,36,Primary,2,0.500000000000000000,2026-01-06 17:05:52.072077+00:00,2026-01-06 17:05:52.072077+00:00,True,dbldatagen_synthetic
533,109,22,Secondary,2,0.500000000000000000,2026-01-06 17:05:52.072077+00:00,2026-01-06 17:05:52.072077+00:00,True,dbldatagen_synthetic
600,97,15,Secondary,5,3.500000000000000000,2026-01-06 17:05:52.072077+00:00,2026-01-06 17:05:52.072077+00:00,True,dbldatagen_synthetic
548,12,15,Primary,5,3.500000000000000000,2026-01-06 17:05:52.072077+00:00,2026-01-06 17:05:52.072077+00:00,True,dbldatagen_synthetic
509,39,44,Primary,2,0.500000000000000000,2026-01-06 17:05:52.072077+00:00,2026-01-06 17:05:52.072077+00:00,True,dbldatagen_synthetic
523,149,18,Secondary,4,2.500000000000000000,2026-01-06 17:05:52.072077+00:00,2026-01-06 17:05:52.072077+00:00,True,dbldatagen_synthetic
504,32,6,Primary,5,3.500000000000000000,2026-01-06 17:05:52.072077+00:00,2026-01-06 17:05:52.072077+00:00,True,dbldatagen_synthetic
486,60,18,Primary,3,1.500000000000000000,2026-01-06 17:05:52.072077+00:00,2026-01-06 17:05:52.072077+00:00,True,dbldatagen_synthetic
527,128,35,Tertiary,4,2.500000000000000000,2026-01-06 17:05:52.072077+00:00,2026-01-06 17:05:52.072077+00:00,True,dbldatagen_synthetic
500,136,7,Primary,5,3.500000000000000000,2026-01-06 17:05:52.072077+00:00,2026-01-06 17:05:52.072077+00:00,True,dbldatagen_synthetic
490,129,18,Secondary,3,1.500000000000000000,2026-01-06 17:05:52.072077+00:00,2026-01-06 17:05:52.072077+00:00,True,dbldatagen_synthetic
487,136,13,Primary,4,2.500000000000000000,2026-01-06 17:05:52.072077+00:00,2026-01-06 17:05:52.072077+00:00,True,dbldatagen_synthetic
452,194,15,Secondary,5,3.500000000000000000,2026-01-06 17:05:52.072077+00:00,2026-01-06 17:05:52.072077+00:00,True,dbldatagen_synthetic
567,122,45,Primary,4,2.500000000000000000,2026-01-06 17:05:52.072077+00:00,2026-01-06 17:05:52.072077+00:00,True,dbldatagen_synthetic
522,88,27,Tertiary,3,1.500000000000000000,2026-01-06 17:05:52.072077+00:00,2026-01-06 17:05:52.072077+00:00,True,dbldatagen_synthetic
543,27,43,Primary,4,2.500000000000000000,2026-01-06 17:05:52.072077+00:00,2026-01-06 17:05:52.072077+00:00,True,dbldatagen_synthetic
579,105,25,Secondary,4,2.500000000000000000,2026-01-06 17:05:52.072077+00:00,2026-01-06 17:05:52.072077+00:00,True,dbldatagen_synthetic
555,182,6,Primary,4,2.500000000000000000,2026-01-06 17:05:52.072077+00:00,2026-01-06 17:05:52.072077+00:00,True,dbldatagen_synthetic
565,32,26,Secondary,2,0.500000000000000000,2026-01-06 17:05:52.072077+00:00,2026-01-06 17:05:52.072077+00:00,True,dbldatagen_synthetic
502,33,16,Primary,3,1.500000000000000000,2026-01-06 17:05:52.072077+00:00,2026-01-06 17:05:52.072077+00:00,True,dbldatagen_synthetic
456,77,43,Primary,5,3.500000000000000000,2026-01-06 17:05:52.072077+00:00,2026-01-06 17:05:52.072077+00:00,True,dbldatagen_synthetic
471,179,32,Primary,4,2.500000000000000000,2026-01-06 17:05:52.072077+00:00,2026-01-06 17:05:52.072077+00:00,True,dbldatagen_synthetic
514,136,2,Secondary,3,1.500000000000000000,2026-01-06 17:05:52.072077+00:00,2026-01-06 17:05:52.072077+00:00,True,dbldatagen_synthetic
491,163,19,Tertiary,4,2.500000000000000000,2026-01-06 17:05:52.072077+00:00,2026-01-06 17:05:52.072077+00:00,True,dbldatagen_synthetic
561,1,30,Primary,2,0.500000000000000000,2026-01-06 17:05:52.072077+00:00,2026-01-06 17:05:52.072077+00:00,True,dbldatagen_synthetic
467,98,5,Primary,4,2.500000000000000000,2026-01-06 17:05:52.072077+00:00,2026-01-06 17:05:52.072077+00:00,True,dbldatagen_synthetic
526,103,11,Primary,3,1.500000000000000000,2026-01-06 17:05:52.072077+00:00,2026-01-06 17:05:52.072077+00:00,True,dbldatagen_synthetic
503,179,19,Primary,4,2.500000000000000000,2026-01-06 17:05:52.072077+00:00,2026-01-06 17:05:52.072077+00:00,True,dbldatagen_synthetic
489,91,40,Tertiary,2,0.500000000000000000,2026-01-06 17:05:52.072077+00:00,2026-01-06 17:05:52.072077+00:00,True,dbldatagen_synthetic
506,84,42,Primary,3,1.500000000000000000,2026-01-06 17:05:52.072077+00:00,2026-01-06 17:05:52.072077+00:00,True,dbldatagen_synthetic
580,54,10,Tertiary,5,3.500000000000000000,2026-01-06 17:05:52.072077+00:00,2026-01-06 17:05:52.072077+00:00,True,dbldatagen_synthetic
598,148,21,Primary,3,1.500000000000000000,2026-01-06 17:05:52.072077+00:00,2026-01-06 17:05:52.072077+00:00,True,dbldatagen_synthetic
474,173,36,Primary,3,1.500000000000000000,2026-01-06 17:05:52.072077+00:00,2026-01-06 17:05:52.072077+00:00,True,dbldatagen_synthetic
521,82,32,Tertiary,2,0.500000000000000000,2026-01-06 17:05:52.072077+00:00,2026-01-06 17:05:52.072077+00:00,True,dbldatagen_synthetic
587,176,35,Secondary,4,2.500000000000000000,2026-01-06 17:05:52.072077+00:00,2026-01-06 17:05:52.072077+00:00,True,dbldatagen_synthetic
484,55,17,Secondary,5,3.500000000000000000,2026-01-06 17:05:52.072077+00:00,2026-01-06 17:05:52.072077+00:00,True,dbldatagen_synthetic
590,66,33,Primary,3,1.500000000000000000,2026-01-06 17:05:52.072077+00:00,2026-01-06 17:05:52.072077+00:00,True,dbldatagen_synthetic
462,33,23,Primary,3,1.500000000000000000,2026-01-06 17:05:52.072077+00:00,2026-01-06 17:05:52.072077+00:00,True,dbldatagen_synthetic
461,137,13,Primary,2,0.500000000000000000,2026-01-06 17:05:52.072077+00:00,2026-01-06 17:05:52.072077+00:00,True,dbldatagen_synthetic
501,20,3,Tertiary,2,0.500000000000000000,2026-01-06 17:05:52.072077+00:00,2026-01-06 17:05:52.072077+00:00,True,dbldatagen_synthetic
463,175,29,Primary,4,2.500000000000000000,2026-01-06 17:05:52.072077+00:00,2026-01-06 17:05:52.072077+00:00,True,dbldatagen_synthetic
517,96,20,Secondary,2,0.500000000000000000,2026-01-06 17:05:52.072077+00:00,2026-01-06 17:05:52.072077+00:00,True,dbldatagen_synthetic
578,192,11,Primary,3,1.500000000000000000,2026-01-06 17:05:52.072077+00:00,2026-01-06 17:05:52.072077+00:00,True,dbldatagen_synthetic
507,51,2,Primary,4,2.500000000000000000,2026-01-06 17:05:52.072077+00:00,2026-01-06 17:05:52.072077+00:00,True,dbldatagen_synthetic
537,159,41,Tertiary,2,0.500000000000000000,2026-01-06 17:05:52.072077+00:00,2026-01-06 17:05:52.072077+00:00,True,dbldatagen_synthetic
473,98,30,Secondary,2,0.500000000000000000,2026-01-06 17:05:52.072077+00:00,2026-01-06 17:05:52.072077+00:00,True,dbldatagen_synthetic
532,46,6,Primary,5,3.500000000000000000,2026-01-06 17:05:52.072077+00:00,2026-01-06 17:05:52.072077+00:00,True,dbldatagen_synthetic
592,106,21,Tertiary,5,3.500000000000000000,2026-01-06 17:05:52.072077+00:00,2026-01-06 17:05:52.072077+00:00,True,dbldatagen_synthetic
570,171,29,Secondary,3,1.500000000000000000,2026-01-06 17:05:52.072077+00:00,2026-01-06 17:05:52.072077+00:00,True,dbldatagen_synthetic
464,12,30,Secondary,5,3.500000000000000000,2026-01-06 17:05:52.072077+00:00,2026-01-06 17:05:52.072077+00:00,True,dbldatagen_synthetic
497,61,19,Secondary,2,0.500000000000000000,2026-01-06 17:05:52.072077+00:00,2026-01-06 17:05:52.072077+00:00,True,dbldatagen_synthetic
512,1,45,Secondary,5,3.500000000000000000,2026-01-06 17:05:52.072077+00:00,2026-01-06 17:05:52.072077+00:00,True,dbldatagen_synthetic
569,157,34,Secondary,2,0.500000000000000000,2026-01-06 17:05:52.072077+00:00,2026-01-06 17:05:52.072077+00:00,True,dbldatagen_synthetic
478,52,16,Tertiary,3,1.500000000000000000,2026-01-06 17:05:52.072077+00:00,2026-01-06 17:05:52.072077+00:00,True,dbldatagen_synthetic
542,93,8,Tertiary,3,1.500000000000000000,2026-01-06 17:05:52.072077+00:00,2026-01-06 17:05:52.072077+00:00,True,dbldatagen_synthetic
477,26,32,Primary,2,0.500000000000000000,2026-01-06 17:05:52.072077+00:00,2026-01-06 17:05:52.072077+00:00,True,dbldatagen_synthetic
531,136,31,Tertiary,4,2.500000000000000000,2026-01-06 17:05:52.072077+00:00,2026-01-06 17:05:52.072077+00:00,True,dbldatagen_synthetic
546,138,15,Primary,3,1.500000000000000000,2026-01-06 17:05:52.072077+00:00,2026-01-06 17:05:52.072077+00:00,True,dbldatagen_synthetic
541,17,7,Primary,2,0.500000000000000000,2026-01-06 17:05:52.072077+00:00,2026-01-06 17:05:52.072077+00:00,True,dbldatagen_synthetic
479,106,18,Secondary,4,2.500000000000000000,2026-01-06 17:05:52.072077+00:00,2026-01-06 17:05:52.072077+00:00,True,dbldatagen_synthetic
482,69,12,Secondary,3,1.500000000000000000,2026-01-06 17:05:52.072077+00:00,2026-01-06 17:05:52.072077+00:00,True,dbldatagen_synthetic
457,21,37,Secondary,2,0.500000000000000000,2026-01-06 17:05:52.072077+00:00,2026-01-06 17:05:52.072077+00:00,True,dbldatagen_synthetic
589,86,31,Secondary,2,0.500000000000000000,2026-01-06 17:05:52.072077+00:00,2026-01-06 17:05:52.072077+00:00,True,dbldatagen_synthetic
458,195,15,Primary,3,1.500000000000000000,2026-01-06 17:05:52.072077+00:00,2026-01-06 17:05:52.072077+00:00,True,dbldatagen_synthetic
552,124,28,Primary,5,3.500000000000000000,2026-01-06 17:05:52.072077+00:00,2026-01-06 17:05:52.072077+00:00,True,dbldatagen_synthetic
472,16,33,Primary,5,3.500000000000000000,2026-01-06 17:05:52.072077+00:00,2026-01-06 17:05:52.072077+00:00,True,dbldatagen_synthetic
505,21,16,Tertiary,2,0.500000000000000000,2026-01-06 17:05:52.072077+00:00,2026-01-06 17:05:52.072077+00:00,True,dbldatagen_synthetic
566,6,6,Secondary,3,1.500000000000000000,2026-01-06 17:05:52.072077+00:00,2026-01-06 17:05:52.072077+00:00,True,dbldatagen_synthetic
577,129,9,Tertiary,2,0.500000000000000000,2026-01-06 17:05:52.072077+00:00,2026-01-06 17:05:52.072077+00:00,True,dbldatagen_synthetic
581,102,23,Primary,2,0.500000000000000000,2026-01-06 17:05:52.072077+00:00,2026-01-06 17:05:52.072077+00:00,True,dbldatagen_synthetic
560,138,26,Tertiary,5,3.500000000000000000,2026-01-06 17:05:52.072077+00:00,2026-01-06 17:05:52.072077+00:00,True,dbldatagen_synthetic
529,27,37,Secondary,2,0.500000000000000000,2026-01-06 17:05:52.072077+00:00,2026-01-06 17:05:52.072077+00:00,True,dbldatagen_synthetic
485,160,18,Secondary,2,0.500000000000000000,2026-01-06 17:05:52.072077+00:00,2026-01-06 17:05:52.072077+00:00,True,dbldatagen_synthetic
480,123,11,Secondary,5,3.500000000000000000,2026-01-06 17:05:52.072077+00:00,2026-01-06 17:05:52.072077+00:00,True,dbldatagen_synthetic
528,121,39,Secondary,5,3.500000000000000000,2026-01-06 17:05:52.072077+00:00,2026-01-06 17:05:52.072077+00:00,True,dbldatagen_synthetic
511,177,4,Tertiary,4,2.500000000000000000,2026-01-06 17:05:52.072077+00:00,2026-01-06 17:05:52.072077+00:00,True,dbldatagen_synthetic
574,35,20,Primary,3,1.500000000000000000,2026-01-06 17:05:52.072077+00:00,2026-01-06 17:05:52.072077+00:00,True,dbldatagen_synthetic
575,181,15,Secondary,4,2.500000000000000000,2026-01-06 17:05:52.072077+00:00,2026-01-06 17:05:52.072077+00:00,True,dbldatagen_synthetic
525,127,20,Primary,2,0.500000000000000000,2026-01-06 17:05:52.072077+00:00,2026-01-06 17:05:52.072077+00:00,True,dbldatagen_synthetic
